id,city,country,lat,long,income
1,Uhniv,UA,50.3649126,23.7519532,51144.25
2,Ngala,NG,12.3420676,14.1858272,90206.96
3,Guimarães,PT,41.4610499,-8.2673764,26056.33
4,Stockholm,SE,59.3203432,18.0667845,37750.38
5,Marintoc,PH,12.3109644,123.6781612,66197.74
6,Yläne,FI,60.7428382,22.5352853,92796.43
7,Sala,SE,59.8292954,16.5457017,97385.14
8,Sovetskaya,RU,44.0271757,44.0430569,34834.76
9,Oinófyta,GR,38.3080648,23.6391172,80301.38
10,Yushanpu,CN,27.135999,111.106104,83141.15
11,Granada,CO,4.524233,-74.356481,49221.50
12,Donghoufang,CN,38.174362,114.908822,35815.44
13,Pereval'noe,UA,44.849143,34.3106713,57943.86
14,Laozhuang,CN,34.810487,117.323725,21574.06
15,Agnibilékrou,CI,7.1302807,-3.2030756,79037.88
16,Xom Tan Long,VN,8.99214,105.19602,31378.96
17,Fengping,CN,27.632803,111.793796,37466.08
18,Huatai,CN,31.302134,109.655804,55682.31
19,Loja,EC,-4.0078909,-79.2112769,29698.17
20,Uzunovo,RU,54.5442039,38.6199751,35751.04
21,Madīnat ash Shamāl,QA,25.9210961,51.3385684,21964.48
22,Bacolod,PH,14.4400324,121.0299296,83797.23
23,Dianfang,CN,22.5341348,114.1162219,90028.68
24,Neuilly-sur-Seine,FR,48.8809869,2.2760839,99142.86
25,Xiaochi,CN,39.9459413,116.3817634,79878.90
26,Gondang,ID,-7.4417327,111.1056539,87675.86
27,Krasnomayskiy,RU,57.6194,34.40988,81888.11
28,Chrást,CZ,49.7923299,13.4915324,65895.96
29,Narutochō-mitsuishi,JP,34.1990503,134.6086469,50172.01
30,Karangbayat,ID,-8.0663604,113.4418908,49309.31
31,Xunzhong,CN,25.493594,118.247625,31305.68
32,Yangshan,CN,24.466675,112.626495,96942.94
33,Varnsdorf,CZ,50.9115477,14.6182476,75182.90
34,Maripa,VE,7.4154444,-65.1892471,44368.91
35,Marcovia,HN,13.2910707,-87.3003706,30181.11
36,Odintsovo,RU,55.7387411,37.2504677,82841.78
37,Kimitsu,JP,34.6372754,134.0105824,43673.55
38,Anuling,PH,14.1507357,120.878102,28041.38
39,Macheng,CN,31.172739,115.008163,96823.31
40,Komysh-Zorya,UA,47.3292629,36.6901351,42429.26
41,Frankfurt am Main,DE,50.1157078,8.6591469,48165.04
42,Baoluan,CN,29.758227,107.687866,90248.26
43,Looc,PH,12.261245,121.990929,85540.97
44,Tanjung,ID,-8.4114856,116.1713917,72208.44
45,Cerrillos,AR,-32.972878,-60.6916164,90783.08
46,Stuttgart,DE,48.7226206,9.1584836,94769.40
47,Novoaleksandrovsk,RU,45.4885295,41.1600688,62252.72
48,Adzopé,CI,6.1071457,-3.8553507,95531.57
49,Ignacio Zaragoza,MX,19.1780491,-96.1288426,50312.72
50,Bereeda,SO,11.8700773,51.0586345,85074.82
51,Stockholm,SE,59.3378401,18.0550026,20542.43
52,Mawza‘,YE,13.26831,43.50993,94989.99
53,Macedo de Cavaleiros,PT,41.5370005,-6.9617993,21988.95
54,Banos,PH,37.0594675,-120.8204617,62954.00
55,Kolonia Town,FM,6.9641667,158.2083333,25619.25
56,Gununggoong,ID,-7.3194701,108.2069101,55777.41
57,Penhascoso,PT,39.5435798,-8.0379136,79886.24
58,Santa Rita do Passa Quatro,BR,-21.7096172,-47.4696376,29596.95
59,Orikhiv,UA,47.5658802,35.7876745,36362.42
60,Guluoshan,CN,29.57858,110.191933,23400.38
61,Bojongnangka,ID,-6.9070543,109.3575011,77803.07
62,Balatero,PH,13.5074239,120.9274735,96423.93
63,Laventille,TT,10.6485481,-61.495357,20974.97
64,Matina,CR,10.21883,-83.274957,63189.65
65,Wongaya Kaja,ID,-8.6490171,115.2135681,38422.55
66,Nggambel,ID,-6.4871369,106.8007712,70346.49
67,Klimontów,PL,50.2160221,20.3179338,31147.59
68,Monte de Fralães,PT,41.4575762,-8.5717827,35016.17
69,Madalena do Mar,PT,32.7010866,-17.1340519,81798.93
70,Al Ḩawātah,SD,13.415029,34.6248039,86418.73
71,Diaoluoshan,CN,18.792633,109.878143,47540.23
72,Hubynykha,UA,48.809598,35.2590854,66978.56
73,Korisós,GR,40.5040992,21.376499,93084.11
74,Baitao,CN,25.66788,110.547966,36008.27
75,Tamra,IL,32.852247,35.201315,88344.30
76,Wangjing,CN,39.993178,116.468427,73962.10
77,Dueñas,PH,14.5008343,121.0485932,91374.25
78,Murfreesboro,US,35.8559647,-86.3944828,64013.53
79,Kelodan,ID,-8.6283422,115.2580854,99465.41
80,Eucaliptus,BO,-17.5982518,-67.5082709,58786.12
81,Kadugedong,ID,-6.3623241,106.0991261,49282.30
82,Kongsvinger,NO,60.1862,12.0056,93552.17
83,Fantan,AM,40.3942118,44.6854034,43458.93
84,Yahe,CN,27.6616992,120.5610519,73913.28
85,Quxia,CN,32.096344,118.909159,25895.01
86,Da Nang,VN,16.0544068,108.2021667,73488.94
87,Iiyama,JP,36.8517527,138.3628039,66293.94
88,Dingqiao,CN,30.350192,120.222909,52708.13
89,Mar’’ina Horka,BY,53.506761,28.1527803,40153.01
90,Krasnogorskoye,RU,57.7046513,52.4917523,23248.38
91,Sanjiao,CN,22.676245,113.418215,33818.67
92,Chinchiná,CO,4.9764526,-75.6695834,57191.11
93,Dolno Palčište,MK,41.9690977,20.9265111,98483.98
94,Dubno,UA,50.4009139,25.7590674,94184.85
95,Al Azraq ash Shamālī,JO,31.8808504,36.8308031,81479.80
96,Säffle,SE,59.132661,12.930107,65234.20
97,Paris 02,FR,43.4945737,5.8978018,30916.75
98,Tobelo,ID,1.7145909,127.9678652,53636.59
99,Girón,CO,7.0739678,-73.1692652,22794.94
100,Jackson,US,32.2821952,-90.2291565,58086.11
101,Whitwell,GB,54.3886617,-1.555363,62215.47
102,Azul,AR,-34.7796334,-58.6040349,79752.47
103,Santo António das Areias,PT,39.4110563,-7.349941,64559.50
104,Umeå,SE,63.8191979,20.2821264,51101.61
105,Nangka,PH,14.6701,121.108226,51620.74
106,Dhahi,YE,15.2170207,43.0704759,35652.39
107,Hong Kong,HK,22.396428,114.109497,66559.97
108,Sadovo,BG,42.1309737,24.9390156,25833.64
109,Rondonópolis,BR,-16.4622905,-54.6210664,42606.35
110,Poconé,BR,-16.2664706,-56.6265989,81727.33
111,Wangdun,CN,36.409259,99.679959,59515.66
112,Ash Shuqayrah,YE,13.13452,43.78636,96518.70
113,Dhalie,YE,13.7032564,44.7334536,59764.72
114,Kelapa,ID,-1.880763,105.668503,27889.94
115,Tiznit,MA,29.693392,-9.732157,34604.17
116,Hà Đông,VN,20.955835,105.7563658,52676.29
117,Ostrov,RU,57.3397034,28.3570946,21155.02
118,Karengan,ID,0.556948,109.374802,48983.75
119,Allen,PH,12.50337,124.286825,80009.36
120,Guararapes,BR,-21.2581695,-50.6378257,24605.65
121,Fundación,CO,10.5289556,-73.7242486,97788.53
122,Ash Shawātī,YE,16.78314,43.81265,65968.34
123,Dimbokro,CI,6.6574752,-4.7122337,74925.61
124,Pingdi,CN,26.1050311,104.5991578,86229.50
125,Barapas,ID,-6.1965654,106.8226808,37369.27
126,Qiaozhuang,CN,33.259035,117.15878,97380.10
127,San Cristobal,MX,20.6597358,-101.4750896,25510.93
128,Aleysk,RU,52.4934588,82.7806142,86221.34
129,Jiaoshanhe,CN,30.830898,120.92585,39042.54
130,Hexi,CN,39.109563,117.223371,42346.56
131,Campechuela,CU,20.2281486,-77.2807423,41763.56
132,‘Aqrah,IQ,36.7411205,43.8808488,89851.33
133,Baun,ID,-10.3023,123.710098,74983.94
134,Taoyuan,CN,24.9936281,121.3009798,82614.22
135,La Gloria,MX,19.3957419,-97.2826539,83503.00
136,Shiqiao,CN,22.948016,113.366904,54814.46
137,Landskrona,SE,55.8569131,12.9108819,46682.91
138,Isangel,VU,-19.54172,169.2803499,84646.18
139,El Paraíso,HN,14.0736932,-86.4187308,98594.27
140,Konotop,UA,51.2409432,33.2050521,64694.22
141,Primero de Mayo,MX,19.1753648,-96.1427574,65694.70
142,Banjar Danginsema,ID,-8.4513,115.6162,98639.47
143,Bebedouro,BR,-20.9400441,-48.4812248,93510.85
144,Yokotemachi,JP,32.5171226,130.6026459,65220.52
145,Conselheiro Lafaiete,BR,-20.6639305,-43.7850227,77827.99
146,Ulaanbaatar,MN,47.8863988,106.9057439,49406.69
147,Keumala,ID,5.2306075,95.8670405,71311.85
148,Bayt ‘Awwā,PS,31.50911,34.94938,54428.56
149,Heydərabad,AZ,39.7231403,44.8476661,65266.02
150,Paris La Défense,FR,48.891587,2.2408938,44629.98
151,Nakatsu,JP,33.4596808,132.7393724,56099.86
152,Potęgowo,PL,54.4823669,17.486283,46582.65
153,Owen Sound,CA,44.57629,-80.9206653,79196.28
154,Burtunay,RU,42.99082,46.632565,76368.17
155,Saltsjöbaden,SE,59.2803437,18.2849323,87700.83
156,Hyrynsalmi,FI,64.3196092,29.0932259,80606.29
157,Salvador,PT,40.0896078,-7.0929707,32095.44
158,Yasothon,TH,15.8515169,104.1698463,78979.62
159,Guzhuyingzi,CN,40.93945,120.271595,22941.82
160,Illela,NG,13.717481,5.3520876,74734.83
161,As Sayyānī,YE,13.8138823,44.161347,68114.66
162,Juazeiro do Norte,BR,-7.2284727,-39.3121233,99620.17
163,Pechenizhyn,UA,48.5184268,24.8858948,59523.92
164,Ketapang,ID,-1.5697615,110.5215459,42701.92
165,Dongtian,CN,27.457067,120.642047,99476.22
166,Yanjiao,CN,39.944315,116.809657,47771.38
167,La Soledad,MX,17.0635121,-96.7300158,83755.91
168,Clermont-Ferrand,FR,45.783131,3.0742866,64886.70
169,Ngaruawahia,NZ,-37.7068442,175.1468145,78786.97
170,Nyíregyháza,HU,47.9527415,21.6927245,83771.58
171,Fatumnasi,ID,-9.594324,124.1754442,85550.25
172,Berlin,DE,52.416925,13.6492904,73911.53
173,Changling,CN,44.275895,123.9674831,56437.24
174,Banjar Pande,ID,-8.5894351,115.1417784,67452.98
175,Hinapalanan,PH,8.679187,124.972309,46969.83
176,Banjar Banyualit,ID,-8.152161,115.036705,77898.74
177,Donghui,CN,27.719827,106.929757,87136.71
178,Heping,CN,24.44218,114.938684,45109.97
179,Guanli,CN,37.186035,120.701061,64810.60
180,Bełżec,PL,50.384945,23.438111,63184.08
181,Lumsden,CA,50.65009,-104.86783,47943.50
182,Sena,TH,14.3144265,100.3722477,53722.43
183,Asahi,JP,38.1162631,140.8585745,58988.44
184,Rochester,US,43.1625916,-77.6079126,92629.05
185,Phù Mỹ,VN,14.2157645,109.1166566,31050.07
186,Jiayuguan,CN,39.772554,98.289419,90381.83
187,Zhenxi,CN,30.356669,117.47637,32790.63
188,Pakalongan,ID,-6.8898362,109.6745916,70804.00
189,Pecatu,ID,-8.8315362,115.1264522,62933.58
190,Hamburg Sankt Pauli,DE,53.5472987,9.9778279,36773.56
191,Salaya,TH,13.794468,100.327706,87598.52
192,Šventoji,LT,55.2474741,24.7743055,54827.26
193,Saaban,PH,13.2648001,123.4665442,41930.83
194,Tallaght,IE,53.2874153,-6.3660863,78921.52
195,Ballisodare,IE,54.2109904,-8.5070436,58246.81
196,Garawati,ID,-6.1856385,106.8430596,93400.11
197,Jawornik,PL,49.8501369,21.894173,28078.08
198,Sacramento,US,38.6024828,-121.4470463,65382.84
199,Banovo Polje,RS,44.9153318,19.4516353,31635.87
200,Baranovichi,BY,53.1255737,26.0091684,97415.97
201,Novaya Mayna,RU,54.1458603,49.7613122,71095.93
202,Teresita,PH,14.3082674,120.9138589,90342.95
203,Garnich,LU,49.6154055,5.9480686,33102.87
204,Ngerengere,TZ,-6.7575785,38.131876,56072.58
205,Sipoholon,ID,2.0610237,98.9024603,79244.45
206,Karlstad,SE,59.3800269,13.499827,38544.68
207,Tanabi,BR,-20.6286479,-49.6546435,69920.14
208,Ciparay,ID,-7.0401751,107.7132895,50058.75
209,Invermere,CA,50.51666,-116.03538,90885.78
210,Flórina,GR,40.7845262,21.4131222,94125.05
211,Kayukembang,ID,-6.9338,113.9812,82886.49
212,Santaluz,BR,-11.2049412,-39.4035876,50044.33
213,Bettendorf,LU,49.8788895,6.1878416,65591.87
214,Ordynskoye,RU,54.3777115,81.9305699,87504.42
215,Dapdap,PH,14.5014709,121.0421391,29541.06
216,Tournai,BE,50.585206,3.3300918,53774.33
217,Baghlān,AF,35.8042947,69.2877535,91792.01
218,Saboyá,CO,5.6763925,-73.8066163,40588.83
219,Chon Buri,TH,13.3600554,100.9849333,66553.19
220,Wilanagara,ID,-7.0397296,108.6264694,93242.66
221,Narbonne,FR,43.1905743,3.0057099,46169.31
222,Tchoban Bey,SY,36.61667,37.45,97732.77
223,Jingtou,CN,33.120053,117.939854,87086.50
224,Velká Bíteš,CZ,49.290817,16.2263509,73012.80
225,Herrljunga,SE,58.0780287,13.0188387,37150.57
226,Zamarski,PL,49.7873125,18.6675302,55907.13
227,Krapivna,RU,53.94204,37.1563793,73169.10
228,Xucheng,CN,34.035771,113.852454,20121.71
229,Bako,ET,9.1248242,37.0588169,20963.58
230,Mezhdurechensk,RU,53.6836301,88.0813924,72114.81
231,Campos Novos,BR,-27.4369394,-51.2213044,24122.65
232,Irasan,PH,14.4967483,120.991762,53878.51
233,Yongyang,CN,23.326616,110.034076,96449.53
234,Slatyne,UA,50.2124156,36.1590565,75046.93
235,Hengtang,CN,26.893368,112.572018,28708.01
236,Emnambithi-Ladysmith,ZA,-28.5600363,29.7779991,48324.21
237,Almaguer,CO,1.8739231,-76.8201976,24499.80
238,Chating,CN,32.0359229,118.7436309,39415.63
239,Shyroke,UA,47.6938287,33.3173912,73470.33
240,Karolinka,CZ,49.3420066,18.2596537,37665.85
241,Qushi’an,CN,29.603667,119.048169,24826.74
242,Louriceira,PT,39.4723517,-8.7426101,81923.74
243,Gazanjyk,TM,39.2470722,55.5191857,57314.43
244,Stenungsund,SE,58.0767446,11.8416522,59071.31
245,Karolinka,CZ,49.3420066,18.2596537,92142.32
246,Itapecuru Mirim,BR,-3.3937106,-44.3606211,95407.54
247,São Roque,BR,-23.5257248,-47.1322342,34627.62
248,Xiabao,CN,37.452432,117.523761,80393.99
249,Lianzhou,CN,24.780966,112.377361,55430.86
250,Jianxin,CN,39.761892,116.420331,36353.50
251,Shisui,JP,35.7297805,140.2669505,30565.61
252,Longjing,CN,42.76631,129.427066,92659.01
253,Rinbung,CN,29.230933,89.841983,39409.05
254,Dziemiany,PL,54.0058465,17.7763729,60256.67
255,Kaminoyama,JP,38.7333101,141.5437532,75385.75
256,Mombaça,BR,-5.8002425,-39.734338,48445.62
257,Vermelha,PT,39.2699174,-9.1052924,90604.84
258,Xunjian,CN,42.5246357,87.5395855,25517.38
259,Al Maḩfid,YE,14.061619,46.914966,58169.14
260,Brits,ZA,-25.1598678,27.6889503,50527.38
261,Al Qarārah,PS,31.37389,34.34085,70886.83
262,Tongliao,CN,43.65289,122.243444,22924.67
263,Menongue,AO,-14.6594083,17.6984879,20601.74
264,Huayang,CN,23.614734,115.49047,36096.08
265,Bourges,FR,47.6632745,1.206057,79400.03
266,Puncakwangi,ID,-7.2953035,107.0716609,40068.28
267,Duozhu,CN,23.027797,114.950182,92427.78
268,Jargalant,MN,48.7277622,100.7724281,48445.93
269,Jishu,CN,24.601408,103.84998,72728.11
270,Ciénaga,CO,10.8698035,-73.9830029,99381.39
271,Houston,US,29.6464527,-95.4935119,96303.89
272,Paris 17,FR,43.4945737,5.8978018,97003.36
273,‘Ajlūn,JO,32.3325599,35.751742,21830.93
274,Efeng,CN,28.108088,114.457886,50021.99
275,Wenping,CN,22.279062,114.174463,61342.49
276,Jiahe,CN,25.587519,112.36902,35007.20
277,Mingshui,CN,47.173426,125.9063009,54752.62
278,Fenghuang,CN,27.948308,109.599191,73396.20
279,Charxin,UZ,39.6725789,66.7724653,51172.27
280,Kabanga,TZ,-2.6382189,30.4674459,65092.49
281,Ciechanów,PL,52.8807868,20.6745586,66996.23
282,Jibu Hulangtu,CN,48.968713,117.773198,65537.45
283,San José de Bocay,NI,13.5438483,-85.5399774,45794.98
284,Motala,SE,58.4542358,15.1073919,23919.71
285,Halmstad,SE,56.6607917,12.9004521,45376.46
286,Lisiy Nos,RU,60.0128251,30.0046156,24417.06
287,Yabuli,CN,44.780865,128.447649,64148.89
288,Reforma,MX,17.8579334,-93.1548091,26815.61
289,Świebodzice,PL,50.8822214,16.3195565,80769.30
290,Zabukovica,SI,46.2144039,15.1585599,28946.85
291,North Saanich,CA,48.6197483,-123.4169098,47853.68
292,Aga,PH,13.8266134,122.9580541,33423.92
293,Višnjićevo,RS,44.9856696,19.2988999,44134.12
294,Gedongmulyo,ID,-6.6845518,111.4365318,51858.60
295,Sanlanbahai,CN,35.85544,102.43323,83263.77
296,Hongyanxi,CN,28.71321,109.496611,30952.50
297,Veliko Tŭrnovo,BG,43.0892761,25.5163421,46298.33
298,Dananyu,CN,39.8067,116.030192,82278.40
299,Lengkongbarang,ID,-7.5888579,108.2674092,58558.83
300,Tongli,CN,31.148896,120.722695,48601.10
301,Cibitungmasjid,ID,-6.2829488,107.0833701,93213.57
302,Cieplice Śląskie Zdrój,PL,50.3467983,16.8896987,85854.74
303,Kisangani,CD,0.5185303,25.2007728,79678.32
304,Tallbīsah,SY,34.8422936,36.7307641,55789.34
305,Horní Lideč,CZ,49.181214,18.0610035,73042.66
306,Ambat,ID,-7.2132018,113.4210537,36999.94
307,Al Maţarīyah,EG,30.1253988,31.3181252,66852.97
308,Algeciras,CO,2.523477,-75.3156939,36758.62
309,Urho,CN,46.089148,85.693742,57647.33
310,Nanhe,CN,37.005017,114.683863,46058.19
311,Vishow,BY,53.905048,27.5393261,82311.47
312,Long Layu,ID,3.61023,115.69993,51236.78
313,Zhyrovichy,BY,53.0131368,25.3425332,26148.33
314,Salt Lake City,US,40.7,-111.94,56864.12
315,Palanit,PH,14.5598603,121.0335354,96175.85
316,Dourbali,TD,11.8042973,15.8613233,68561.53
317,Rancho Nuevo,MX,22.2222241,-100.9256085,50027.14
318,Nangaroro,ID,-8.7698185,121.3312882,90775.66
319,Pandanwangi,ID,-7.9522887,112.6586009,70766.19
320,Villamaría,CO,5.042569,-75.514771,69692.74
321,Frisange,LU,49.5178845,6.190803,46669.54
322,Guadalupe Victoria,MX,24.4432479,-104.1175578,85188.50
323,Maca,PE,-15.6418418,-71.7674379,92536.52
324,Odiong,PH,11.536819,122.489398,40389.28
325,Nangtang,ID,-7.3440911,107.9917034,91517.96
326,Stockholm,SE,47.0170479,-68.1430238,65190.09
327,Kuching,MY,1.5589383,110.346648,89128.10
328,Lysice,CZ,49.4515969,16.5371625,96636.58
329,Valle San Francisco,NI,12.5258542,-86.2907568,77626.50
330,Jacarezinho,BR,-23.1734868,-49.9783088,91544.98
331,Roudnice nad Labem,CZ,50.4252048,14.2604647,31086.09
332,Pushkinskiye Gory,RU,57.0228035,28.9142107,78658.24
333,Monte Caseros,AR,-32.9576242,-68.7400523,79900.03
334,Shenzhong,CN,22.543096,114.057865,62220.95
335,Kuanda,RU,56.3289836,116.1168555,63526.43
336,Rushanzhai,CN,36.886546,121.456161,20298.52
337,Horní Štěpánov,CZ,49.5516872,16.7807105,78587.94
338,Loyew,BY,51.9377873,30.7892014,69539.41
339,Smithers,CA,54.78036,-127.17428,58492.27
340,Talanga,HN,14.4137091,-87.0873978,55079.48
341,Nanshe,CN,22.801624,113.525165,90386.81
342,Belica,HR,46.4270739,16.5473979,83366.14
343,Konde,TZ,-4.9426131,39.7433571,45340.09
344,Panjgūr,PK,27.4140682,64.987739,70381.64
345,San Juan de Limay,NI,13.1777422,-86.6132317,89494.61
346,Huaqiu,CN,28.341795,103.816006,47187.41
347,Miguel Hidalgo,MX,19.5473972,-96.9121929,69984.14
348,Las Matas de Santa Cruz,DO,19.6594511,-71.5065631,46890.15
349,Muzambinho,BR,-21.35188,-46.4970116,42474.51
350,Sofifi,ID,0.7349651,127.5614454,53310.70
351,Batanovtsi,BG,42.6448155,22.9615442,91181.65
352,Toshbuloq,UZ,39.9729825,67.199876,66602.94
353,Imrīsh,PS,31.470305,34.999744,21318.97
354,Guantang,CN,24.304673,113.136459,99956.70
355,Laocheng,CN,34.683646,112.469023,73621.04
356,Pau,FR,43.2916776,-0.3696612,73215.94
357,Shuangxiqiao,CN,29.020827,110.637506,69889.03
358,Xinjia,CN,42.5246357,87.5395855,85841.91
359,Chang’an,CN,34.158997,108.906994,71965.54
360,Kazan,RU,59.9335031,30.3251493,43220.25
361,Thala,TN,35.5732078,8.6683097,33028.02
362,Kishiwada,JP,34.7266084,135.6196126,58847.01
363,Chupa,RU,66.2745295,33.0615453,21976.76
364,Bayt Maqdūm,PS,31.53537,34.97192,68032.47
365,Balally,IE,52.176031,-6.5899765,50073.23
366,Sidomulyo,ID,-5.5844754,105.4771084,68112.59
367,Châteauroux,FR,48.2660539,0.768419,46986.72
368,Saint John,CA,45.271697,-66.0549467,59756.48
369,Grojec,PL,49.9800949,19.234704,73459.06
370,Kanluran,PH,14.6024553,121.0995111,96614.59
371,Pedro II,BR,-4.4338427,-41.4537623,61926.94
372,Sinarharapan,ID,-5.357293,104.7768894,65270.29
373,Acao,PH,14.7127327,121.0279622,64399.84
374,Butwāl,NP,27.6873608,83.4323375,24812.85
375,Phatthalung,TH,7.193611,100.592145,81848.70
376,Yeri,CY,35.1000306,33.4215334,29670.02
377,San Antonio,US,29.5613789,-98.5612534,80920.39
378,Terter,AZ,40.3443875,46.9376519,50792.59
379,Vasyl'evsky Ostrov,RU,59.94043,30.2813321,29396.54
380,Takāb,IR,36.4051945,47.1156092,79447.37
381,Líbano,CO,4.920956,-75.063129,52347.05
382,Alvaiázere,PT,39.8244606,-8.3790205,54748.84
383,Arcueil,FR,46.7713478,3.8379578,36896.29
384,Rungis,FR,48.7381259,2.3536083,46527.93
385,Stockholm,SE,59.3416126,18.0494344,61132.13
386,Parabon,ID,-6.9098723,107.1955974,43207.84
387,‘Awaj,SY,34.90704,36.40444,93229.88
388,Murmansk,RU,68.966993,33.0991415,76411.54
389,Bāqim as Sūq,YE,17.39713,43.47743,33628.50
390,Matangpayang,ID,5.191484,97.3705639,92758.43
391,Yisuhe,CN,27.77268,112.955638,88480.71
392,Xiayang,CN,26.480043,113.778639,73186.08
393,Bakersfield,US,35.1268513,-119.1855785,70098.79
394,Choroszcz,PL,53.14292,22.98815,49995.91
395,Åkersberga,SE,59.4746074,18.2397247,72670.13
396,Karangharjo,ID,-6.7050629,111.6198661,93139.27
397,Qalaikhumb,TJ,38.4613914,70.7896966,94028.48
398,Anjirmuara,ID,-3.1941468,114.5361435,21889.73
399,Větřní,CZ,48.7730603,14.2851033,25199.60
400,Cantilan,PH,9.2610401,125.9638162,74518.19
401,Banyo,CM,6.7496639,11.8036596,87010.89
402,Sidi Bousber,MA,34.5601745,-5.3710551,27007.54
403,Czyżowice,PL,49.9846987,18.4044199,71392.21
404,Groblersdal,ZA,-25.16575,29.38926,86200.18
405,Ganlin,CN,26.0882134,119.3010346,40211.39
406,Zaoshi,CN,26.6674,113.449709,88839.60
407,Frederico Westphalen,BR,-27.3607338,-53.3963199,59832.66
408,Wailebe,ID,-8.3635208,123.0085415,63094.28
409,Kasugai,JP,35.2234722,137.0285083,20820.42
410,Togitsu,JP,32.8458487,129.9118965,35163.20
411,Jatirejo,ID,-7.617735,112.4172256,23425.34
412,Leubatang,ID,-8.3124202,123.7238308,91025.51
413,Bojongbenteng,ID,-7.1278,108.2102,53957.24
414,Huangnaihai,CN,35.615489,102.009491,44136.04
415,Bandar-e Lengeh,IR,26.5627867,54.888679,42442.86
416,Boston,US,35.9014983,-81.1381216,24956.00
417,Kuz’minskiye Otverzhki,RU,52.6957717,39.4722994,42157.73
418,Nyurba,RU,63.2803099,118.3618985,82246.76
419,Rancagadog,ID,-7.0131132,106.7023304,54655.64
420,San Antonio Suchitepéquez,GT,14.5421715,-91.4130682,31932.76
421,Santa Ana Huista,GT,15.6835,-91.81952,79957.55
422,Makato,PH,11.6994751,122.2790551,97127.63
423,Las Vegas,US,36.4303079,-115.5207358,98654.66
424,Karlskoga,SE,59.3138173,14.4937714,47546.59
425,Rostokino,RU,55.874056,37.690366,49436.03
426,Waihai,CN,37.513068,122.120419,78359.66
427,Norashen,AM,40.6573682,44.0769342,74101.57
428,Nong Saeng,TH,17.1413481,102.7824777,92059.73
429,Zhoujiang,CN,29.1416432,119.7889248,45116.00
430,Perbaungan,ID,3.5674986,98.9797467,26754.51
431,Mensalong,ID,3.756455,116.750397,83980.59
432,Jagodnjak,HR,45.6747796,18.5702566,79735.71
433,Felege Neway,ET,6.300757,36.878471,70416.28
434,Simrishamn,SE,55.5446591,13.9636888,53283.02
435,Karara,ID,-9.659525,119.0750837,61160.92
436,Pueblo Nuevo,PE,-7.1916713,-79.5139718,91433.99
437,Sucre,EC,-1.2782708,-80.4243066,48417.39
438,Camden,US,39.9175385,-75.1136721,42858.43
439,Cabay,PH,9.8657623,123.9891483,79603.65
440,Pang,PH,14.3870657,120.9396932,30461.43
441,Cibunar,ID,-6.3413734,106.5495683,41817.80
442,Socorro,BR,-22.5905906,-46.5282973,80486.45
443,Melfort,CA,52.86673,-104.61768,81801.24
444,Pakel,ID,-8.1553145,111.8270486,84984.75
445,Ya‘bad,PS,32.446834,35.167274,76964.50
446,Jinshan,CN,30.741991,121.341969,32663.11
447,Martensville,CA,52.28339,-106.66792,91529.42
448,Zipaquirá,CO,5.021476,-73.990955,65897.03
449,Yanahuanca,PE,-10.4911471,-76.5155834,35427.01
450,Shaft,IR,37.1702603,49.4017092,93544.90
451,Mandala,ID,-7.347756,108.8818859,86824.81
452,Puerto Aisén,CL,-45.4035437,-72.6864154,81250.67
453,Mogi das Cruzes,BR,-23.5213379,-46.185867,94658.57
454,Cercal,PT,39.2256483,-9.0073673,72269.38
455,Kikuchi,JP,33.0205233,130.8260172,63416.58
456,Rudziczka,PL,50.0317672,18.7766679,66216.62
457,Renhe,CN,26.497765,101.738528,33599.25
458,Qianjin,CN,46.814102,130.375062,92724.22
459,Orekhovo-Borisovo,RU,55.5807611,37.7673912,29603.99
460,Baranoa,CO,10.796589,-74.915036,58374.70
461,Castlerea,IE,53.7423435,-8.6346959,55087.46
462,Ludvika,SE,60.1536833,15.196697,22636.99
463,Xianzong,CN,31.803171,118.002516,46970.76
464,Ponte,PT,39.5421345,-118.5736924,51938.88
465,Palmira,PA,8.7337105,-82.4590282,60707.13
466,Presnenskiy,RU,55.7570915,37.6047016,38319.60
467,Gīdolē,ET,5.6497493,37.3693679,37149.87
468,Denver,US,39.9311729,-104.9739333,82140.33
469,Oumiao,CN,31.857198,112.180321,32061.65
470,Bolaoit,PH,15.9275907,120.4355906,21926.22
471,Teresina,BR,-5.0395725,-42.8036388,39744.75
472,Chengfeng,CN,25.867277,118.963532,45129.16
473,Nigel,ZA,-26.360436,28.451357,23924.61
474,Hirado,JP,35.4335808,139.5718014,23769.79
475,Cagdianao,PH,10.018056,125.663981,54965.08
476,Książ Wielkopolski,PL,52.0609041,17.239347,50247.25
477,Lelydorp,SR,5.6979328,-55.220397,90476.80
478,Barishāl,PK,36.3163,74.6786,89766.06
479,Baing,ID,-10.22485,120.548897,72767.58
480,Bassa,NG,7.7701761,7.0498442,53571.87
481,Dikson,RU,59.9638414,30.3516338,31453.16
482,Bealanana,MG,-14.5460011,48.7542899,59152.08
483,Washington,US,38.9003669,-77.0351137,47472.74
484,Nemyriv,UA,48.9749521,28.8474081,71497.58
485,Saurimo,AO,-9.6612173,20.3904598,83771.96
486,Krasnoye,RU,50.6859367,38.1632353,30859.56
487,Pathum Thani,TH,13.9884516,100.6181795,50959.52
488,Khirdalan,AZ,40.4529251,49.7333235,65282.47
489,Seymchan,RU,62.930833,152.385,78702.36
490,Sepekov,CZ,49.4411457,14.4059275,68889.61
491,Sukamulya,ID,-6.1583904,106.4288088,48012.76
492,Pangawaren,ID,-7.3897541,108.8640607,46205.15
493,Gongchang,CN,34.995728,104.655337,95314.86
494,Kahama,TZ,-3.837556,32.593828,53463.77
495,Murygino,RU,58.740909,49.4604521,94608.91
496,Pérez,AR,-34.785428,-58.3886187,99806.65
497,Wailolong,ID,-8.2447934,123.6455502,49385.88
498,Brka,BA,44.8373278,18.7330664,87421.87
499,Złotoryja,PL,51.2036947,16.1523941,27910.09
500,Feričanci,HR,45.5380557,17.9794368,94416.07
501,Mlonggo,ID,-6.5277643,110.7095788,59012.76
502,Cavadas,PT,40.954617,-8.481788,25133.22
503,Airmolek,ID,-0.3915604,102.2862694,78002.25
504,Funehikimachi-funehiki,JP,37.4391941,140.5728754,66922.50
505,Iłowa,PL,51.5000229,15.1996268,85904.16
506,Criciúma,BR,-28.6727702,-49.3733771,32764.36
507,Vogar,IS,63.9825,-22.379,89320.67
508,Bengga,ID,-1.783333,119.466667,22847.91
509,Liutang,CN,28.162833,113.643076,64748.62
510,Taketoyo,JP,34.8838824,136.870408,26243.25
511,Wapno,PL,52.9109049,17.4718232,51927.01
512,Avon,FR,48.9741782,2.5130988,58588.24
513,Gaosheng,CN,23.41698,113.078569,97588.93
514,Langchi,CN,26.085391,119.583599,98383.94
515,Mahalapye,BW,-23.107801,26.8321332,80871.39
516,Colorado,BR,-28.4629851,-52.9814383,72189.48
517,Wangshi,CN,34.9520642,118.3410867,82106.43
518,Klishkivtsi,UA,48.4012026,26.2777899,37685.27
519,Primorka,RU,47.2792583,39.0522384,98617.67
520,Bandaragung,ID,-5.3003056,105.6823124,81514.17
521,Golbey,FR,48.1772789,6.400366,50281.35
522,Krajan Tengah,ID,-7.3356583,109.0798332,53158.25
523,Nangxian,CN,29.046337,93.074702,70199.23
524,Greensboro,US,36.1069958,-79.8522564,31718.98
525,Itatinga,BR,-23.1067087,-48.6123867,26111.79
526,Thới Bình,VN,9.3473628,105.1726816,43663.24
527,20 de Noviembre,MX,19.4449916,-99.1082647,57387.53
528,Vuokatti,FI,64.1457767,28.268999,49715.36
529,Fengshuling,CN,30.235005,116.475481,53455.84
530,Hantang,CN,35.032891,108.093259,40217.60
531,Ueki,JP,36.8830175,137.4502378,83329.19
532,Portarlington,IE,53.158984,-7.185387,36713.83
533,Damascus,SY,33.5138073,36.2765279,44828.31
534,Tân Hòa,VN,21.3971282,106.71167,51255.86
535,Bordeaux,FR,45.697904,0.964671,91947.65
536,Cambuga,PH,13.513211,122.469352,47495.68
537,Watunggong,ID,-8.5437713,120.6749301,43093.97
538,Ringim,NG,12.151801,9.0571089,61792.05
539,Qingfenglin,CN,27.799581,106.839279,95198.93
540,Muli,MV,2.9205384,73.5807606,48161.58
541,Xiaopingba,CN,23.212853,103.952615,71754.86
542,Rokem Barat,ID,-6.8973,113.5316,77196.59
543,Kiev,UA,50.4501,30.5234,84766.46
544,Murmashi,RU,68.8128001,32.7986688,64153.08
545,Yuchi,CN,44.9346438,128.7694378,47564.53
546,Ar Rumaythah,IQ,31.5255021,45.2009362,50770.44
547,Yahe,CN,27.6616992,120.5610519,28234.14
548,Owo,NG,7.198851,5.593239,25082.60
549,Alastaro,FI,60.9529954,22.8649749,48276.45
550,Langchuan,CN,29.492402,118.604556,82575.58
551,Kalloní,GR,39.233118,26.2072301,42915.20
552,Matriz de Camaragibe,BR,-9.0972502,-35.5876697,85557.21
553,Chaoyang,CN,41.57365,120.4493879,98106.73
554,Złotniki Kujawskie,PL,52.8886634,18.1227285,97849.07
555,Kaz,RU,53.109084,87.546299,92043.04
556,Piteå,SE,56.0462575,12.730766,55266.83
557,Jingzhuang,CN,34.811495,108.531138,98267.15
558,Skoki,PL,52.67226,17.1606199,61619.30
559,Sandy Bay,HN,16.3273562,-86.5627851,42371.01
560,Sasayama,JP,37.4547684,140.5368503,20245.75
561,Anderstorp,SE,57.3423349,13.7300442,86945.87
562,Radocza,PL,49.917089,19.468167,99488.34
563,Amarete,BO,-15.23723,-68.965462,36709.53
564,Puerto Galera,PH,13.5218669,120.9617948,48345.39
565,Gobabis,NA,-22.3990179,18.9739954,46333.17
566,Dongshan,CN,23.701262,117.430061,39279.00
567,Blainville,CA,45.7013243,-73.9284855,52544.47
568,Immātīn,PS,32.192361,35.159475,52586.34
569,Loznitsa,BG,43.3497076,26.626104,38560.55
570,Centenario,AR,-38.848827,-68.119936,86322.93
571,Kaliprak,ID,-6.8864,111.583,22453.60
572,Chirilagua,SV,13.2206714,-88.1401188,61185.18
573,Drammen,NO,59.7414102,10.2299413,50934.67
574,Diamantino,BR,-14.4040989,-56.4370932,44845.04
575,Kaeng Khoi,TH,14.5801157,101.003522,69736.12
576,Jackson,US,32.2821952,-90.2291565,89544.51
577,Chishui,CN,28.590337,105.697472,72548.14
578,Strzelce Krajeńskie,PL,52.87728,15.52966,35681.42
579,Kiten,BG,42.2342735,27.7702053,89536.60
580,Treinta y Tres,UY,-33.229046,-54.3576473,28598.14
581,Wang Hin,TH,14.9792432,104.2163411,49983.73
582,Cipinang,ID,-6.2074293,106.8915948,85213.40
583,Trondheim,NO,63.4251464,10.4677043,40861.35
584,Xialaba,CN,39.596147,112.670816,31718.56
585,Rušanj,RS,44.6773413,20.4439853,91842.20
586,Zhoujiaba,CN,30.86006,108.650157,73411.31
587,Chifeng,CN,42.25785,118.886931,78858.71
588,Béboto,TD,8.2659713,16.9388118,42135.84
589,Knyaze-Volkonskoye,RU,48.4869585,135.4627446,67996.57
590,Ungsang,KR,35.40611,129.16861,68313.67
591,Sarykemer,KZ,43.0052216,71.513917,80552.64
592,Kozje,SI,46.0733211,15.5596719,76824.50
593,Machinda,GQ,1.8786869,9.9716585,71449.74
594,Hrvatini,SI,45.5746977,13.7677916,76693.53
595,Houndé,BF,11.4894238,-3.523092,22815.86
596,Mangxing,CN,38.932165,76.204351,32056.74
597,Nalsian Norte,PH,15.8564553,120.4356909,65556.25
598,Medeiros Neto,BR,-17.3079902,-40.1862129,29523.17
599,Keffi,NG,8.8471213,7.8776023,20003.82
600,Hongsi,CN,38.604702,100.825981,26240.94
601,Oleiros,PT,39.9153943,-7.9165006,39873.03
602,Basel,CH,47.532117,7.593124,95075.74
603,Dong’an,CN,26.394403,111.314117,58431.66
604,Shaami-Yurt,RU,43.2261193,45.3885257,96703.71
605,Höshööt,MN,48.94776,89.14358,24730.24
606,Chaltyr,RU,47.284461,39.4991783,76981.99
607,Guixi,CN,28.292519,117.245497,92544.81
608,Manaloal,PH,14.6419036,121.0120679,98366.74
609,Nakhabino,RU,55.8389853,37.1414146,86930.99
610,Kaavi,FI,63.0331454,28.4032167,91388.57
611,Guangyi,CN,23.7247599,108.8076195,57473.44
612,Thai Charoen,TH,18.7396468,100.6985738,55078.14
613,Horta,PT,38.5328,-28.626058,21393.00
614,Mişrātah,LY,32.3196827,15.1025075,46574.70
615,Eydhafushi,MV,5.1025787,73.0685665,53267.96
616,Tuanai,ID,-6.223224,106.825714,86810.01
617,Spas-Zaulok,RU,56.4768137,36.5752249,75904.73
618,Al Burayqah,LY,30.41,19.57,90027.12
619,Saint Louis,US,38.6132118,-90.3207299,38768.38
620,Cilangkap,ID,-6.334631,106.9093,46073.13
621,Ebebiyin,GQ,2.1514272,11.3317605,58910.51
622,Salto de Pirapora,BR,-23.6443472,-47.5720968,35706.86
623,Zhanping,CN,28.023893,116.263188,44446.34
624,Burgas,BG,42.5187534,27.4772798,73526.20
625,Augusta,US,33.4243373,-82.1387233,47474.60
626,Kathmandu,NP,27.7172453,85.3239605,35954.75
627,Dimitsána,GR,37.5955677,22.0395213,39724.32
628,Liquan Chengguanzhen,CN,34.488516,108.423318,75849.77
629,Karanganyar,ID,-7.6387228,111.0460407,86484.14
630,Maca,PE,-15.6418418,-71.7674379,54862.47
631,Sawara,JP,33.5050373,130.3331069,88925.04
632,Alexandria,US,38.8189466,-77.0593246,83243.26
633,Paghmān,AF,34.5911393,68.9569399,73692.23
634,Miao’ertan,CN,28.947037,109.47991,32907.95
635,Svislach,BY,53.0358086,24.0942729,44116.40
636,Batibati,ID,-3.565921,114.7855271,98234.55
637,Novi Karlovci,RS,45.0575208,20.1945283,26943.69
638,Ōdate,JP,37.0597622,140.8775769,93930.91
639,Lyuban’,RU,59.76039,30.4754399,52674.58
640,Oakland,US,37.8336281,-122.2029832,80784.97
641,Khōshāmand,AF,32.68567,68.23801,38273.37
642,Matabao,PH,9.9241833,123.9181504,70235.56
643,Fteliá,GR,41.0828211,24.1908648,69171.95
644,Knysna,ZA,-34.0508783,23.0935283,78487.38
645,Nynäshamn,SE,58.9195438,17.9393289,82091.42
646,Aoqiao,CN,31.364902,108.249509,94377.88
647,Madan,ID,3.5951956,98.6722227,51121.23
648,Hor,CN,30.77175,81.61526,39733.46
649,Ipoh,MY,4.6096768,101.1064003,75849.76
650,Zeguo,CN,28.498966,121.362315,43580.63
651,Staffanstorp,SE,55.6386983,13.1962394,50790.41
652,Xiangride,CN,36.089488,97.863214,32293.29
653,Junqueiro,PT,38.6849828,-9.3469171,29891.63
654,Krzyżanowice,PL,49.9742851,18.2638644,54178.97
655,Pretana,ID,-9.6161,119.6441,45140.55
656,Vodnyy,RU,63.503807,53.410931,70490.23
657,Fier,AL,40.727504,19.5627596,92689.92
658,Timezgana,MA,34.58,-4.73,31344.69
659,Feng’an,CN,23.0981075,113.2537007,70837.91
660,Pariti,ID,-10.02569,123.729698,70383.75
661,Yandian,CN,35.563819,116.651828,71974.61
662,Lākshām,BD,23.2116858,91.1161166,55035.15
663,Detroit,US,42.2827426,-83.1488186,95556.39
664,Doug An,VN,15.58224,108.11422,23480.97
665,Cincinnati,US,39.2708955,-84.3279093,91124.53
666,Turośń Kościelna,PL,53.0249087,23.0202458,23907.37
667,Targuist,MA,34.9432203,-4.3128549,71429.38
668,Indianapolis,US,39.8494377,-86.2666463,79373.90
669,Bosilovo,MK,41.44056,22.72778,50635.09
670,Arfará,GR,37.1560675,22.0444933,38778.14
671,Yuncao,CN,28.2442799,104.1435113,74117.95
672,Budapest,HU,47.479469,19.0544773,26233.26
673,Chemnitz,DE,50.7868675,12.8945945,70286.35
674,Kabukarudi,ID,-0.789275,113.921327,42795.19
675,Colmar,FR,48.0724737,7.3469006,64673.21
676,Sembakung,ID,3.8024611,117.2205771,80708.34
677,Bor Ondor,CN,44.26667,122.4,87904.38
678,Oriximiná,BR,-1.7618311,-55.8638155,84452.46
679,Balangonan,PH,5.921153,125.633439,90654.91
680,Zürich,CH,47.3842312,8.5324101,66814.23
681,Deep River,CA,46.0972432,-77.494026,42047.54
682,Longshan,CN,42.901533,125.136451,97600.58
683,Niort,FR,46.823629,-0.4928359,36198.70
684,Apucarana,BR,-23.5586314,-51.4650904,93469.14
685,Xinqiao,CN,31.058765,121.315718,89484.36
686,Sanjiazi,CN,37.1893492,119.9569362,20877.29
687,Argelia,CO,4.727773,-76.121514,39764.23
688,Santa Cruz,PT,41.8033445,-7.5528376,63420.48
689,Majzar,YE,15.85,44.775,52801.68
690,Al Hijrah,YE,17.29788,43.38718,24893.83
691,Postojna,SI,45.7830298,14.2038417,70205.56
692,Ostružnica,RS,44.7173412,20.3325582,35941.12
693,Jinshanwei,CN,30.741203,121.300071,44640.81
694,Sitangkai,PH,4.7442679,119.402976,44606.03
695,Jiangpan,CN,22.781631,108.273158,99263.03
696,Buan,PH,13.939297,121.6397151,32899.51
697,Herrljunga,SE,58.0780287,13.0188387,26623.30
698,Pithári,GR,35.5155989,24.1076107,45346.98
699,Svay Rieng,KH,11.142722,105.8290298,76442.18
700,Gemuruh,ID,-7.4061863,109.6490516,91841.35
701,Log pri Brezovici,SI,46.0082081,14.3592112,30662.71
702,Touzao,CN,32.888994,120.555917,71250.31
703,Wangliao,CN,31.7304839,117.3437409,38234.89
704,Ritchie,ZA,-29.0311602,24.5877497,72514.70
705,Aix-en-Provence,FR,43.4931556,5.3698187,96052.48
706,Longhu,CN,23.372254,116.716446,20443.24
707,Aconibe,GQ,1.2964078,10.9439689,23654.40
708,Kobe,JP,34.5465928,134.3028193,22885.90
709,Hāsilpur,PK,29.530502,72.1485713,85691.82
710,Zhangzhu,CN,34.746611,113.625328,93960.35
711,Ribeira Grande,CV,17.1820718,-25.0658748,32323.63
712,Sidaraja,ID,-6.9854642,108.5730321,61097.97
713,Hualmay,PE,-11.0883431,-77.6106512,29669.78
714,Sakhnīn,IL,32.864167,35.294547,70607.93
715,Tuanshan,CN,33.195993,105.606648,31549.66
716,Derjan,AL,41.6755501,20.0553882,60977.53
717,Kiyevskoye,RU,43.7071168,44.643763,34150.67
718,Veinticinco de Mayo,AR,-37.9599734,-57.6201482,98530.73
719,Rockford,US,42.2685543,-89.0965841,28234.84
720,Donglu,CN,23.0861808,113.4943199,91235.80
721,Tuymazy,RU,53.4249712,58.9688869,71478.77
722,Wujiayao,CN,40.8536972,111.6568972,55140.06
723,Tours,FR,45.70734,5.534063,33835.21
724,Coquitlam,CA,49.2815819,-122.7535881,63823.85
725,Adelaide,ZA,-32.7071454,26.2952385,30569.45
726,Āsbe Teferī,ET,9.0795272,40.8652187,99250.46
727,Noisy-le-Grand,FR,48.8478808,2.5525914,27705.17
728,Lilongwe,MW,-13.9626121,33.7741195,92576.97
729,Porto Martins,PT,38.694365,-27.066757,66582.54
730,Fulin,CN,28.524376,113.233807,52040.13
731,Jingdang,CN,31.422941,116.892944,42227.85
732,Majayjay,PH,14.1347846,121.5063802,52629.22
733,Valenciennes,FR,50.334011,3.460955,90222.13
734,Shiqiaotou,CN,31.30275,121.389084,62225.44
735,Lunel,FR,43.6793979,4.131084,53542.19
736,Chhāgalnāiya,BD,23.0386278,91.5184418,46688.33
737,Lakkíon,GR,37.1321706,26.8529432,64108.62
738,Carquefou,FR,47.2990712,-1.5086685,61972.58
739,Dhankutā,NP,26.9834552,87.3214908,24772.63
740,Songping,CN,22.558237,113.95494,54947.26
741,Leribe,LS,-28.9510773,28.2526623,71707.60
742,Yug,RU,57.737194,56.174166,71300.95
743,Anhua Daying,CN,24.414825,102.665768,52109.93
744,Sang-e Chārak,AF,35.8523575,66.5223902,86872.93
745,Maroa,VE,2.7005604,-66.8081979,81165.89
746,Söderköping,SE,58.465971,16.1860744,75920.70
747,Östersund,SE,63.1689874,14.6907161,73002.17
748,New York City,US,40.75,-73.99,94379.47
749,Bromma,SE,59.3347189,17.9346454,45834.28
750,Mukō,JP,34.9565646,135.7023712,82934.55
751,Linxi,CN,43.61812,118.05545,80187.26
752,Santo António,PT,41.1461878,-8.6107389,86353.73
753,Sukorejo,ID,-7.1477523,109.9854145,78649.26
754,San Miguel,MX,19.3579802,-99.0806088,79333.59
755,San Jose,MX,18.026373,-95.514174,53316.74
756,Naḩḩālīn,PS,31.685608,35.120362,83029.76
757,Mvuma,ZW,-19.2773694,30.525031,22101.10
758,San Jose,MX,25.8007724,-100.4277766,56542.74
759,Chai Badan,TH,15.1042521,101.0768333,23342.37
760,Pochep,RU,52.8595744,33.3645241,68655.62
761,Nikitinskiy,RU,54.589538,85.9917785,33331.40
762,Tečovice,CZ,49.2210669,17.5873433,76479.47
763,Aurillac,FR,44.9263486,2.4396467,90486.24
764,Bigoudine,MA,30.7298739,-9.2162139,92876.77
765,Claver,PH,9.541232,125.820626,64589.02
766,Zhemtala,RU,43.235483,43.6687025,93453.67
767,Shaami-Yurt,RU,43.2261193,45.3885257,28116.30
768,Gramaços,PT,40.3464743,-7.8548033,77215.24
769,Fortios,PT,39.3195065,-7.4906959,67326.61
770,Jungutbatu Kaja Dua,ID,-8.6738819,115.2096864,43814.90
771,Āshkhāneh,IR,37.5544156,56.9267259,90981.76
772,Balabac,PH,14.5590365,121.0409808,87182.80
773,Haarlem,NL,52.3811357,4.6419648,78898.77
774,Chouto,PT,39.2122525,-8.2869478,58268.06
775,Kiltamagh,IE,53.8533151,-8.9949917,37661.19
776,Mosjøen,NO,65.836924,13.1934011,49515.47
777,Évora,PT,38.5703228,-7.9325424,53778.94
778,Karara,ID,-9.659525,119.0750837,73826.21
779,Machala,EC,-3.2581112,-79.9553924,22774.13
780,Buda-Kashalyova,BY,52.7201592,30.569225,34674.43
781,Shiyu,CN,26.0952694,119.3062749,83872.83
782,Awilega,ID,-6.2624908,106.1713267,55674.23
783,Dengfang,CN,34.454443,113.050581,21278.54
784,Savannah,US,42.6862558,-82.7625747,77780.97
785,Jinshan,CN,30.741991,121.341969,23437.83
786,Gubo,CN,24.564073,108.525769,66530.90
787,Vichuga,RU,57.1785332,41.9400627,78539.86
788,Pridonskoy,RU,51.6521236,39.0891762,94930.40
789,Masma,PE,-11.7843129,-75.4242758,70341.00
790,Tambarangan,ID,-3.0181855,115.1592718,81058.87
791,Midões,PT,41.5023719,-8.5818392,82027.06
792,Taboão da Serra,BR,-23.6228759,-46.7816647,45163.76
793,Rizó,GR,40.7338864,22.1375317,89581.97
794,Zizhao,CN,35.416734,119.526925,83836.29
795,Queimados,BR,-22.7106685,-43.5522256,72764.79
796,Pangal Sur,PH,16.67064,121.71581,31788.12
797,Hecheng,CN,27.578926,110.040315,85736.75
798,Betafo,MG,-19.8381858,46.8567756,51895.34
799,Coaldale,CA,49.7154966,-112.6338496,89959.97
800,Ostaszewo,PL,54.2207765,18.9709477,40740.54
801,Lukovë,AL,39.9915265,19.9154479,56544.60
802,Kołaczyce,PL,49.8073734,21.4331923,72677.62
803,Sicamous,CA,50.83312,-118.98565,45166.66
804,Santa Ana Huista,GT,15.6835,-91.81952,61116.99
805,L'Aigle,FR,47.3599545,6.3904955,58860.45
806,Niaojin,CN,39.3433574,117.3616476,43365.02
807,Rozhdestveno,RU,54.7288441,37.5438564,68428.97
808,Namīn,IR,38.4244545,48.4782419,53194.00
809,Berëza,RU,53.5087757,50.1567556,73308.50
810,Longzhou,CN,22.342771,106.854376,29651.23
811,Karanganyar,ID,-7.6387228,111.0460407,82960.30
812,Nanding,CN,36.740856,118.036787,80725.59
813,Taiping,CN,53.3004898,-6.2634596,91297.82
814,Kinnegad,IE,53.806868,-9.1327273,65539.51
815,Kotli Lohārān,PK,32.5887159,74.5022234,33523.34
816,Sumberjo,ID,-7.2030729,112.0237903,74551.69
817,Zevgolateió,GR,37.9375856,22.8008984,66855.53
818,Xiangyun,CN,25.48385,100.550945,87841.74
819,Payaman,ID,-7.4255209,110.2266293,25309.49
820,Sernovodsk,RU,43.336168,45.168817,79296.55
821,Stockholm,SE,59.3409629,18.0669843,84612.76
822,Fort Worth,US,32.93,-97.44,85956.22
823,Ituiutaba,BR,-18.9745738,-49.4600885,39706.71
824,Cabalaoangan,PH,15.9814118,120.8071339,81426.53
825,Siuna,NI,13.7405282,-84.7811621,44919.19
826,Lom Sak,TH,16.7733926,101.2451095,23046.48
827,San Gabriel,EC,0.5948949,-77.8281514,57307.26
828,Al Khānkah,EG,30.2182236,31.3579913,69125.56
829,Puyang,CN,35.761829,115.029215,28686.15
830,Kebon,ID,-6.183459,106.7647475,41500.68
831,Himaya,PH,14.2976248,120.9082571,89683.43
832,Нераште,MK,42.10667,21.10889,20796.37
833,Wotan,ID,-6.9556847,112.4917291,62180.16
834,Cajati,BR,-24.7300224,-48.108265,80474.88
835,Qinxi,CN,22.843818,114.164223,25052.61
836,Sembungin,ID,-6.7979774,111.755504,58146.89
837,Shunling,CN,25.58038,111.947363,53575.71
838,Babagan,ID,-6.7061169,111.4320603,76123.33
839,Tyoply Stan,RU,55.6042276,37.4919828,93676.60
840,Parachinar,PK,33.8942048,70.1081888,76390.05
841,Hodkovičky,CZ,50.0231437,14.4142733,31981.42
842,Kugri,CN,31.0978583,77.2678137,72814.09
843,Kass Wollof,GM,13.78333,-14.93333,76756.22
844,Dzhubga,RU,44.3264928,38.7015857,99035.48
845,Saint-Priest,FR,45.6739962,4.956609,51732.18
846,Cernache do Bonjardim,PT,39.8163431,-8.1873224,39133.23
847,Illkirch-Graffenstaden,FR,48.5271841,7.7424053,21309.54
848,Göteborg,SE,57.7051896,11.9006932,63421.38
849,Santa Quitéria do Maranhão,BR,-3.2826576,-42.941698,86603.07
850,Datian,CN,25.692699,117.847115,36903.44
851,Pu’an,CN,25.784135,104.953062,87712.74
852,Dzaoudzi,YT,-12.7822122,45.2582086,27134.21
853,Bartica,GY,6.4043217,-58.625825,21061.98
854,Daijiaba,CN,33.010035,106.179842,90351.64
855,Pajo,PH,14.631218,121.0628238,74480.07
856,Grästorp,SE,58.3374462,12.5693818,23309.62
857,Lanta Timur,ID,-8.6247652,118.9907046,57079.74
858,Pinhal de Frades,PT,38.5961493,-9.0880453,58859.92
859,Gweedore,IE,53.2737147,-9.0288689,31982.39
860,Paris 09,FR,43.4945737,5.8978018,67151.04
861,Zhangpu,CN,24.117102,117.613808,88445.82
862,Farshūţ,EG,26.0549565,32.1619136,52165.80
863,Shimen,CN,29.584292,111.380014,87612.85
864,Banfora,BF,10.6400163,-4.7588042,95519.57
865,Nazyvayevsk,RU,55.5674405,71.358565,96594.65
866,Rosice,CZ,49.3320487,15.6123444,49615.04
867,Sarulla,ID,1.78925,99.1089779,39673.98
868,Pérama,GR,37.9656089,23.5677089,70153.49
869,Kanoni,UG,0.1716468,31.9060633,60111.96
870,Brengkok,ID,-6.8962844,112.2205183,82868.51
871,Esil,KZ,51.9534228,66.4121857,36339.15
872,Nueva Gorgona,PA,8.5569109,-79.8716837,68835.95
873,Lukou,CN,31.7338222,118.8719394,87238.67
874,Itupeva,BR,-23.1330259,-47.048576,95079.98
875,Vidzy,BY,55.3948269,26.6327297,54890.63
876,Qiulu,CN,42.3683369,125.4352358,39571.33
877,Shangcunba,CN,28.677949,108.304926,37019.64
878,Qunsheng,CN,22.299807,112.565225,80765.72
879,Sila Lat,TH,15.4728312,104.071515,23301.93
880,Kobylin,PL,51.7157581,17.2266796,39733.47
881,Youdian,CN,23.1456682,113.253787,46267.43
882,Polyarnyy,RU,69.1979686,33.4406638,95826.00
883,Mliwang,ID,-6.8426021,111.8747445,72916.01
884,Kista,SE,59.4075977,17.9282806,43542.47
885,Dzagam,AZ,40.8930443,45.901513,85787.70
886,Gongpo,CN,19.789147,110.808679,75819.03
887,San Vicente Centenario,HN,14.8886565,-88.2777465,86860.74
888,Bhunya,SZ,-26.5380011,30.9962356,60683.67
889,Imġarr,MT,35.878762,14.439284,74872.61
890,Puerto Asís,CO,0.5471811,-76.1319953,65910.54
891,Rive-de-Gier,FR,45.5294991,4.6192695,57962.68
892,Nangela,ID,-7.3405276,106.7057733,29966.37
893,Duyanggang,CN,38.453095,114.600138,75114.49
894,Triandría,GR,40.6241099,22.9734623,56463.78
895,Notranje Gorice,SI,45.9865292,14.3999988,40354.35
896,Cambarus,PH,10.3385626,122.9316044,76426.73
897,San Jose,US,37.3326639,-121.8918364,58629.20
898,Miratejo,PT,38.6459249,-9.1453534,48920.74
899,Stockholm,SE,47.0203676,-68.1435063,97847.03
900,Ingeniero Guillermo N. Juárez,AR,-34.5939526,-58.5769684,59658.39
901,Vila Ribeiro,PT,38.5908192,-9.017701,91576.24
902,Pameče,SI,46.5448561,15.0941863,93995.32
903,Iznoski,RU,54.98806,35.31083,24965.07
904,Barretos,BR,-20.5558832,-48.5762695,91154.66
905,Meilin,CN,31.7311971,117.2313179,36376.95
906,Mantang,PH,11.8711517,125.4280007,42546.95
907,Shreveport,US,32.2392184,-93.5205641,43317.02
908,Tajerouine,TN,35.8904199,8.5528746,49083.27
909,Atamyrat,TM,37.8099917,65.2026017,56251.67
910,Nam Đàn,VN,18.6983445,105.5239912,98599.39
911,Huayllabamba,PE,-13.3379818,-72.0645776,31661.59
912,Ipaba,BR,-19.4085525,-42.374164,50657.99
913,Firenze,IT,43.7668053,11.2991498,21786.59
914,Wesoła,PL,50.2235249,20.046495,34363.80
915,Creil,FR,49.243003,2.510652,56748.06
916,Petaling Jaya,MY,3.1035814,101.640078,99787.69
917,Umeå,SE,63.827461,20.2599325,68503.82
918,Salinggara,ID,-6.3270611,106.1169299,98164.02
919,Lào Cai,VN,22.3380865,104.1487055,60398.10
920,Kačanik,XK,42.2278811,21.2568575,96717.60
921,Uppsala,SE,59.811981,17.6188276,86930.97
922,Xinshi,CN,23.199183,113.256439,59642.80
923,Chernelytsya,UA,48.8109783,25.431687,92246.58
924,Ughelli,NG,5.5001866,5.9938339,98143.75
925,Pasolapida,ID,-9.64,119.1631,67688.65
926,Kifrī,IQ,34.6886731,44.9580161,90150.60
927,Brzyska,PL,49.8232218,21.3934539,89886.56
928,Phlapphla Chai,TH,13.7464901,100.5129096,62657.81
929,Hetoudian,CN,37.0237497,120.5622121,52530.49
930,Tongren,CN,27.731514,109.189598,91245.56
931,Grosuplje,SI,45.9557645,14.658899,20204.32
932,Berezivka,UA,47.2038268,30.9163475,20403.69
933,Simpang,ID,-1.259553,104.100502,82471.16
934,Paiisa,PH,13.9289816,121.3567739,43239.87
935,Obsza,PL,50.3399747,22.9892667,27568.56
936,Socorro,CO,6.4360112,-73.28833,57520.21
937,Amarillo,US,32.9578909,-102.8518139,62166.95
938,Baoshan,CN,25.112046,99.161761,35962.63
939,Baizhu,CN,22.9457326,112.3578078,97282.60
940,Uvarovo,RU,52.0016128,42.344717,31965.57
941,Songmuping,CN,30.118912,111.484536,36187.18
942,Mahalapye,BW,-23.107801,26.8321332,64862.80
943,Rawannawi Village,KI,2.0516556,173.2633123,78143.19
944,Cochadas,PT,40.370514,-8.7330787,30365.67
945,Ḩawallī,KW,29.3332984,48.0158927,41918.50
946,Montpellier,FR,47.3752386,-0.8453268,94422.44
947,Boca do Acre,BR,-8.6931631,-67.952363,30357.74
948,Nakatsu,JP,33.4596808,132.7393724,80632.73
949,San Luis,PH,8.47834,125.743983,45120.65
950,Wonokerto,ID,-6.86277,109.6222698,88944.60
951,San Miguel Dueñas,GT,14.523594,-90.7973456,45697.55
952,"Brgy. Nalook, kalibo",PH,11.6818641,122.360249,83709.84
953,Obita,JP,35.3209172,136.8367649,82416.55
954,Menzel Abderhaman,TN,37.2418804,9.8738907,48948.12
955,Nishinomiya-hama,JP,34.7173896,135.3372233,28023.87
956,Juupajoki,FI,61.7927812,24.5525054,22975.09
957,Quipot,PH,13.9293954,121.3228399,76827.20
958,Gao’an,CN,28.441209,115.360554,85616.08
959,Comapa,GT,14.113818,-89.917591,52760.42
960,Farasān,SA,16.701895,42.120984,93871.89
961,Duishan,CN,28.90499,109.667164,52907.73
962,Surat Thani,TH,9.2964349,99.0571089,62199.69
963,Xianbao,CN,31.2467412,118.5462503,29813.27
964,Jinping,CN,23.365556,116.70345,37518.18
965,Pirca,PE,-11.24674,-76.661598,79455.92
966,Krasnoye,RU,54.605583,85.392777,75249.33
967,Pinrang,ID,-3.6483486,119.5571677,50248.09
968,Quinta,PT,41.2404268,-8.057813,86493.86
969,Sangoleng,ID,-6.9001,113.5144,31421.85
970,Myitkyina,MM,25.3946143,97.3840729,50208.06
971,Tagoloan,PH,8.5243626,124.757617,61284.17
972,Nanterre,FR,48.9098794,2.2829955,98855.55
973,Lazaro Cardenas,MX,20.7240105,-97.5308167,78697.59
974,Linköping,SE,58.3986162,15.5385144,48104.61
975,Samajie Ewenkeminzu,CN,47.534731,122.239885,61131.27
976,Lile,CN,19.543266,109.103413,82396.63
977,Dolna Banjica,MK,41.7856914,20.9077452,64133.51
978,Varazqān,IR,38.6754819,46.1117612,76811.01
979,Gibsons,CA,43.6813726,-79.7761974,24433.16
980,Renko,FI,60.8936893,24.2869324,56682.04
981,Saint-Constant,CA,45.3770527,-73.579509,91383.62
982,Pirapozinho,BR,-22.2756953,-51.5002318,85432.46
983,Pembroke,MT,35.925312,14.478294,57669.60
984,Sakule,RS,45.1459732,20.4917347,49857.31
985,Jiangnan,CN,22.781631,108.273158,59160.24
986,Drosáto,GR,41.1670464,22.8015705,38889.53
987,Sibayo,PE,-15.49357,-71.465973,52210.71
988,Hufang,CN,27.330904,117.044081,85978.03
989,Tojal,PT,41.2511521,-8.3148854,30184.54
990,San Marcos de Colón,HN,13.439615,-86.7994359,57913.13
991,Quintas,PT,41.6716076,-8.504234,27244.41
992,Österbybruk,SE,60.1960972,17.8961823,20160.28
993,Vievis,LT,54.76667,24.8,77643.63
994,Řehlovice,CZ,50.6261682,13.9528289,97566.17
995,Radlje ob Dravi,SI,46.614358,15.2255472,57481.58
996,Artsvanist,AM,40.145705,45.5109432,69144.66
997,Zhangcunping,CN,31.293061,111.207071,30848.44
998,Xitianwei,CN,25.485074,119.04263,41914.42
999,Orzech,PL,50.0558922,21.6020199,77848.15
1000,Masma,PE,-11.7843129,-75.4242758,77549.40
