id,city,lat,long,pop
1,Nueva Cajamarca,-5.946466,-77.303723,460325
2,San Agustín,14.8182209,-88.9377949,1032308
3,Sucun,34.423878,110.947552,953776
4,Pianbai,21.514163,111.013556,889867
5,Kenzhe,43.4997666,43.5537167,576589
6,Huashixia,36.878124,102.149548,1299544
7,Xiabaishi,41.305838,124.120286,402274
8,Povarovo,56.071894,37.0625324,1389869
9,Novouzensk,50.4438122,48.1450932,748290
10,Cilimus Kulon,-6.8546403,107.4293388,298119
11,Mirandopólis,-22.9304477,-47.0897445,331132
12,Ángeles,10.0749997,-84.2415229,443237
13,Corujeira,41.2357155,-8.4171648,739683
14,Zhelin,29.2642495,115.3133908,950080
15,Pancol,10.9005556,119.4011078,617392
16,Nizui,42.280524,118.928688,169069
17,Ivano-Frankove,49.9202398,23.7240855,1396726
18,Mobai,8.3,-11.983333,362703
19,San Silvestre,8.2796966,-70.109113,493731
20,Ghurayd Gharamē,36.5222,70.79064,969902
21,Orda,57.1928469,56.9199638,1380606
22,Krolevets’,51.5489435,33.3860497,387265
23,Kitcharao,9.453835,125.574534,1305809
24,Neglasari,-6.147133,106.6232359,700804
25,Waalwijk,51.6773339,5.0633742,1226563
26,A’yi Take,44.4286616,125.1864669,483084
27,Stari Kuty,48.2824698,25.1584914,1196363
28,Capâo Bonito,-24.0021525,-48.3502883,656673
29,Líně,49.7030481,13.2772423,855533
30,Arani,-17.5706623,-65.7698663,447084
31,Oued Lill,36.83408,10.04057,1306546
32,Santa Rita,-7.135868,-34.9662353,1312294
33,Rushanzhai,36.886546,121.456161,513153
34,Valle de La Pascua,9.2217178,-65.9794807,157269
35,Oslo,59.9403761,10.7691773,1352766
36,Auxerre,47.794456,3.5751746,668265
37,Figueira,37.0741297,-8.8436815,615452
38,San Diego,9.9010414,-83.9977527,1420442
39,Boshan,36.494701,117.861851,723908
40,Mazatenango,14.5324564,-91.512542,491696
41,Xinquan,27.519549,114.073416,333695
42,Jetis,-7.783297,110.363649,152446
43,Sandefjord,59.1477457,10.1916192,766549
44,Santa Cruz,14.9817467,-87.8893383,334169
45,Bendosari,-7.6977621,110.8910556,876345
46,Aix-en-Provence,43.5190858,5.4431946,583280
47,Powidz,52.4127967,17.9186809,471939
48,Cruz del Eje,-31.4847366,-64.2108962,1377835
49,Kuala Bintang,4.6077979,97.0202754,1439786
50,Xiping,33.387684,114.021538,831594
51,Susuman,62.7810616,148.1452805,879979
52,Havlíčkův Brod,49.6043364,15.5796552,964603
53,Aguadulce,8.2301756,-80.5549561,974758
54,Tashkent,41.2994958,69.2400734,582173
55,Penedo,-10.2735517,-36.5536172,443923
56,Zhongyuanlu,37.9400581,110.9938854,691371
57,Seleuš,45.1201746,20.8993932,459433
58,Shamanka,52.0715558,103.8262447,540175
59,Vilarinho da Castanheira,41.2044165,-7.2153847,695456
60,Baiyang,23.028301,115.84573,1180607
61,Liutangting,27.36017,111.581975,210019
62,Ar Rawḑah,14.4670027,47.2752844,390429
63,Sambiyan,-6.7273278,111.2695981,489516
64,Tubualá,9.537917,-79.058693,815820
65,Talitsy,56.5288032,42.3295742,244308
66,Hangbu,29.049672,93.953264,1461877
67,Tengqiao,27.9937685,120.6784858,487337
68,Dolní Lhota,49.8445266,18.0838678,978145
69,Sūrīān,30.466667,53.45,860237
70,Sanana,-2.2014533,125.9369952,1290539
71,Zhouzhuang,31.129098,120.839842,573921
72,Bao’an,22.555259,113.884019,782744
73,Milove,49.3756258,40.1418221,190082
74,Ol’ginskaya,57.8196837,28.3236956,332040
75,Tékane,16.6053508,-15.348246,1264411
76,Peuara,-8.241702,123.769227,385841
77,Lazaro Cardenas,17.9567646,-102.1943485,1223191
78,Frutal,-20.019494,-48.9383824,1001906
79,Fale old settlement,-9.38516,-171.24675,1005017
80,Shāhzādpur,24.1933092,89.573856,1222185
81,Kadubamban,-6.3192,105.8994,1424937
82,Milicz,51.5275957,17.2712122,838534
83,Gadang,-2.583333,111.516667,651153
84,Zielona Góra,51.9210929,15.4768834,958452
85,Askersund,58.9116557,14.8053076,1254656
86,Dzerzhinsk,56.1747295,43.5299495,1340139
87,Yonago,37.9694565,138.2471977,876126
88,Seara,41.6929759,-8.2060587,1044488
89,San Felipe,-32.75,-70.7208115,1049237
90,Starychi,49.9742883,23.5488713,735846
91,Despotovac,44.0970463,21.4322091,581164
92,Ad Dilam,23.976619,47.1557087,1250790
93,Salvacion,8.71278,126.20806,620838
94,Irkliyevskaya,45.8585463,39.6551933,1190990
95,Lanpelan,-6.9819,113.5989,1298768
96,Jandir,-6.9561846,113.9883465,744076
97,Novo-Peredelkino,55.6587901,37.3582146,389149
98,Cimanglid,-6.6958883,107.7073688,288592
99,Liliongan,7.363608,124.783718,380322
100,Honghualiangzi,41.21966,118.799497,1124944
101,Cengang,30.07225,122.003581,354138
102,Rancharia,-22.2592565,-50.9706116,670771
103,Dos Quebradas,4.8271607,-75.6499025,1038267
104,Klisura,42.6930655,24.4496426,619139
105,Monte Santo de Minas,-21.2080662,-46.941659,1447980
106,Yang Chum Noi,15.241178,104.4024704,1283141
107,Oyem,1.5991751,11.5759672,1277364
108,Bangassou,4.7378613,22.8165095,775521
109,Yuwang,25.671402,104.260115,1283210
110,Kambing,14.5177485,120.5973573,476777
111,Erátyra,40.3418956,21.5118754,1306815
112,Gubeikou,40.692169,117.163821,1068146
113,Selouane,35.0801925,-2.9475662,585150
114,Janowice,49.911732,20.8725617,1231913
115,München,48.1251024,11.5584376,1072076
116,Nanmen,26.567944,106.714374,492607
117,Santa Ana,13.9778279,-89.5639119,976764
118,Duantan,28.264515,115.9608,166188
119,Candelária,-29.7132471,-52.8312661,1450938
120,Aurora,14.5458392,121.0044883,846316
121,Hargeysa,9.562389,44.0770134,1179743
122,Banjar Bau Kawan,-5.456385,122.612261,1487492
123,Dalmatovo,56.2656262,62.946875,159497
124,Veles,41.7195748,21.7669761,1325182
125,Yangzhuang,22.9550072,113.0126011,745943
126,Bogotá,4.5604389,-74.115187,895106
127,Tsaghkahovit,40.6379848,44.2249621,271101
128,Póvoa,39.60178,-8.968457,1091926
129,Kista,59.4075977,17.9282806,1349512
130,Kiangan,16.7742464,121.0882915,1093885
131,Santo António da Charneca,38.6271104,-9.0346456,1384239
132,Fosca,4.338952,-73.938919,907010
133,Verkhneye Kazanishche,42.73547,47.1378,868580
134,Tarbes,50.4734865,2.9394741,825464
135,Qianfoling,27.33699,112.341117,809035
136,Yushu,32.993106,97.008784,933721
137,Sa‘sa‘,33.2757332,36.0186458,1394350
138,Mori,43.834689,90.286028,1425273
139,Novo-Peredelkino,55.6587901,37.3582146,971554
140,Lubin,52.924544,19.092523,1475918
141,Mahaplag,10.6365464,124.9386692,758819
142,Reshetylivka,49.565935,34.066522,869517
143,Yemva,62.5898079,50.8599404,1436187
144,Yŏnan-ŭp,37.90889,126.16111,1073731
145,Tabu,9.9821841,122.7382909,862388
146,Palauig,15.4004052,119.9303933,241511
147,‘Afrīn,36.5122781,36.8653891,1423915
148,Bošnjaci,45.0432878,18.7972,1054382
149,Kamyzyak,46.1114451,48.0744772,273430
150,Arraga,-37.5407812,-60.7891909,1463207
151,Oinófyta,38.3080648,23.6391172,320031
152,Mulan,45.950582,128.043465,1190433
153,Rennes,48.0976547,-1.7819266,656824
154,Ketapang,-1.5697615,110.5215459,786467
155,Dois Córregos,-22.3734081,-48.3860575,1031861
156,Baoquan,48.170403,126.2118229,871749
157,Liuzhi,26.201227,105.480028,1418017
158,Hartford,41.76,-72.69,1444021
159,Cipanggung,-6.8174513,106.3683065,334276
160,Varėna,54.2125609,24.5743709,1127648
161,Qingyang,35.709077,107.643631,416529
162,Rathdrum,53.2339841,-6.163027,1115999
163,Hammam-Lif,36.7230724,10.3441758,363803
164,David,8.4007278,-82.4427769,1338616
165,Guoyuan,38.822671,115.431228,490023
166,Tulsa,36.1505981,-95.78793,1184167
167,Platičevo,44.8245862,19.771335,492037
168,Ozimek,50.6787,18.2137899,1408643
169,Lins,-21.6733002,-49.7471388,624409
170,Xinzhou,38.416663,112.734174,1270970
171,Měřín,49.3932119,15.8838159,241822
172,Sassandra,4.9512761,-6.0917517,915630
173,Frederiksberg,55.6780762,12.5444055,1092245
174,Sorong,-0.8761629,131.255828,1155274
175,Chicago,41.9403795,-87.6531805,640664
176,Dubá,50.5345697,14.5397223,1391376
177,Zhangjiawo,40.767544,114.886335,1093512
178,Pechenga,69.4269147,30.820151,203097
179,Pukë,42.0469772,19.8960968,831602
180,Kosonsoy Shahri,41.26327,71.54239,1384624
181,Roubaix,50.7022235,3.1685214,1325702
182,Jamshoro,25.4427709,68.3004492,257003
183,Kelin,48.726098,128.939819,1405767
184,Quimperlé,47.859986,-3.6006683,943726
185,Marks,51.7106121,46.7484815,516057
186,Umm as Sāhik,26.6519555,49.9123454,1103817
187,Riofrío,4.15663,-76.287762,797777
188,Ciudad Bolívar,8.0882791,-63.5535552,1385739
189,Sukamantri Satu,-6.167943,106.540052,213236
190,Wuluhan,-8.3654775,113.5371368,795928
191,Vila Nova,41.1741505,-8.6691157,275391
192,Ambohitseheno,-18.7602306,47.5620739,1077055
193,Tala,-34.343056,-55.7648161,1446196
194,Greenhills,53.3122864,-6.336393,578265
195,Sacramento,38.6,-121.45,1261834
196,Tierp,60.663088,17.1532607,516148
197,Xilai,32.116246,120.436781,261792
198,Jindui,31.16899,121.424679,809957
199,Borek Wielkopolski,51.91673,17.2409601,729567
200,Wanling,25.905283,99.222336,677962
201,Sasa,-7.7926564,113.3123627,1447303
202,Tieli,46.986639,128.0324209,938328
203,Tonshayevo,57.73598,47.01265,1272849
204,Toutosa,41.2212595,-8.1439987,268151
205,Fiditi,7.7102381,3.9190062,1427500
206,North Vancouver,49.2826578,-123.118728,851428
207,Cinyumput,-7.311248,106.4786051,226473
208,Strachówka,52.4271002,21.6349927,1071969
209,Moussoro,13.648096,16.493598,1306386
210,Bizhou,31.298974,120.585289,522344
211,Seixo da Beira,40.4579077,-7.845845,1319771
212,Sunampe,-13.4272965,-76.1642459,881832
213,Mauá,-23.668163,-46.4617086,406598
214,Mitrofanovka,52.5264066,85.1824498,590054
215,Ingå,60.1932037,24.9412435,192840
216,Kurashiki,26.3841358,127.804829,593150
217,Groningen,53.2231057,6.5319506,1154297
218,Saint-Denis,-20.9304923,55.5243352,394053
219,Segong,-7.0773806,108.6472527,529982
220,Margasari,-7.0976672,109.0215438,1307525
221,Slavkov u Brna,49.1532539,16.8764982,1405281
222,Temandangjero,-6.864462,111.9390257,616005
223,Hallsberg,59.0475746,15.002836,537495
224,Zbąszynek,52.2467951,15.800102,1440715
225,Hässleholm,56.1629286,13.8037716,1202667
226,Jiujie,39.952319,119.598195,1295860
227,Taraban Timur,-7.2903571,109.0185719,705016
228,Niutian,25.454084,119.007777,597966
229,Gentilly,44.478341,2.845761,1134485
230,Buganda,-2.9679629,29.2088303,1190113
231,Sivers’k,48.873935,38.1047909,284816
232,Lalagsan,9.8245916,122.9082413,980836
233,Lingcheng,37.335794,116.576092,1079756
234,Wakefield,-41.2913531,174.7799667,415867
235,Ryūō,36.7846385,138.4565967,1429448
236,Budapest,47.479469,19.0544773,433016
237,Lubin,52.924544,19.092523,935869
238,Palma Gil,7.0693618,125.6098096,1127908
239,Renhe,26.497765,101.738528,284320
240,Al Mughayyir,32.421701,35.386433,704948
241,Dondar Quşçu,40.9539,45.61942,997468
242,Naran Bulag,43.516667,109.116667,421782
243,Bailiang,31.266878,121.597823,1412172
244,Fulu,52.3716937,4.8925949,576898
245,Mooirivier,-29.2106317,30.0029572,919568
246,Novo Hamburgo,-29.6880479,-51.1333376,476701
247,Bali,5.8874488,10.0191857,488409
248,Kanye,-24.988061,25.3430203,236029
249,Sada,-12.8446575,45.1073445,1442509
250,Jiangdong,29.866818,121.570383,1154885
251,Jagabaya Dua,-5.4008202,105.2677562,239272
252,Punta Cana,18.8539206,-71.3009387,1201424
253,Gyumri,40.7929026,43.8464971,537110
254,Bodĭ,47.918302,106.915572,1298185
255,Wuqiao,37.627661,116.391507,588350
256,Taluncemara,-6.7597964,108.5144791,647438
257,Klimontów,50.2160221,20.3179338,895298
258,Na Kae,16.9818844,104.4490398,572515
259,Dadap,-6.08573,106.7087216,1106690
260,Soledad,8.1707969,-63.5658573,1027572
261,Petauke,-14.2412572,31.3198491,1229735
262,Guicheng,23.03616,113.197169,793339
263,Baozhu,28.445007,102.639837,1337844
264,Baie-D'Urfé,45.416456,-73.9160797,1032340
265,Shuakhevi,41.631471,42.1907465,1002323
266,Suisan,36.7844993,126.4503169,979008
267,Sabbah,36.2175503,37.1341934,690866
268,Pryazha,61.6972353,33.6201069,435157
269,Uva,56.8802017,52.2966875,1083531
270,Landskrona,55.8893778,12.8237518,1230130
271,Macau,-5.1942574,-36.4797126,1112171
272,Tawen Aobao,39.084828,117.185967,589825
273,Chon Daen,16.1160065,100.8451467,1181569
274,Cañas,10.4309602,-85.0966591,1013657
275,Persen,-7.0416627,110.3998007,1150268
276,Xiawa,42.7415586,-84.5050878,651626
277,Maardu,59.4687696,24.9801867,193699
278,Rancabelut,-6.8686728,107.516493,1130716
279,Cruzeiro,41.6270289,-8.4553604,1120300
280,Boulaouane,32.8616618,-8.0547019,868374
281,Chizhou,30.656037,117.489156,1337657
282,Rennes,48.1752793,-1.7274799,1138680
283,Xijiao,39.9947462,116.3397725,259847
284,Patzicía,14.6329018,-90.9259787,858260
285,Potrerillos,15.2307976,-87.9653335,791241
286,Chadiza,-14.06355,32.4382307,1161546
287,Antsohimbondrona,-21.266667,46.983333,996941
288,Jāwā,31.8577642,35.936274,1237817
289,Pontal,-20.9827531,-48.0563942,1354099
290,Pulupandan,10.527138,122.813931,367307
291,Fiais da Beira,40.4222721,-7.921883,589066
292,Magdug,6.5400402,126.084947,1142363
293,Manga,14.5653343,121.0527067,542574
294,Banag,14.6875764,120.9777157,554316
295,Wangchuanchang,39.159945,117.229277,1164555
296,Sundsvall,62.3838715,17.2770463,545436
297,Sumberngerjat,-7.0888,113.5901,1058553
298,Qi’an,34.341574,108.93977,1267167
299,Sioux City,42.5069391,-96.3598367,179526
300,Vulcan,50.40008,-113.25189,680173
301,Coruripe,-10.0519585,-36.2196853,909362
302,Poponcol,-6.336862,107.377277,1062913
303,Tasböget,44.7735327,65.5544515,1119996
304,Remedios,22.4963477,-79.5462943,1197267
305,Gujba,11.4998068,11.9336539,1069138
306,Mombaça,-5.8002425,-39.734338,541326
307,Nangka,14.6701,121.108226,419384
308,Cantoria,16.842826,120.402603,745497
309,Pavlovskiy Posad,55.7562751,38.6792665,1344362
310,Sanlifan,30.833079,115.274798,1355312
311,Goundi,9.3572656,17.3671431,1301486
312,Shums’k,50.122577,26.1149716,246569
313,Panacan,9.2559967,118.4057103,336175
314,Puerto Madryn,-42.7700601,-65.0306302,776709
315,Kozmice,49.9164727,18.1627822,1275724
316,Czerwin,52.958936,21.8130562,849592
317,Susaki,38.6002411,141.2405508,1100783
318,Kuršėnai,55.985,22.91889,963041
319,Dingjiaqiao,30.641073,118.315476,997215
320,Bến Tre,10.1081553,106.4405872,1004600
321,Kangin,-8.6470988,115.2229232,1302885
322,San Carlos,8.797145,-75.698571,573552
323,Krajan Alastengah,-7.7218793,113.4785837,1133616
324,Sala,59.8292954,16.5457017,544531
325,Gayam,-5.7577862,105.6984455,493495
326,Shangpai,31.2303904,121.4737021,548358
327,Ribnica na Pohorju,46.5356403,15.2675136,511747
328,Chita,6.0102236,-72.4494848,261708
329,Rolante,-29.6216078,-50.534262,1153501
330,Corralito,-33.0061376,-60.6722815,1041715
331,Aygavan,39.8752693,44.6683679,1387483
332,Merdeka,-6.9136675,107.6200524,366172
333,Granville,48.8331738,-1.6029573,835949
334,Tarbes,50.4734865,2.9394741,1287461
335,كاف الجاع,35.0876436,36.216972,453602
336,Santa Rosa,-31.3950849,-64.2390612,966028
337,Bålsta,59.5782797,17.4879349,666544
338,Phimai,15.226768,102.496025,595748
339,Budapest,47.440449,19.1700809,289683
340,Pankrushikha,53.8217803,80.3474566,600902
341,Carvalhal da Aroeira,39.5160073,-8.5405003,1491631
342,Tuapukan,-10.1082359,123.7727229,677820
343,Eskilstuna,59.3703069,16.5529968,1278716
344,Mtwara,-10.3112236,40.1759806,191383
345,Jiulong,29.000347,101.507294,850037
346,Kasongo,-4.4238447,26.6700737,438824
347,Arranhó,38.9550335,-9.1331143,1241169
348,Tekik Wetan,-7.25717,112.67026,936380
349,Orsha,54.5071478,30.4119546,1219357
350,San Jose,25.8007724,-100.4277766,1383434
351,Açucena,-19.0764128,-42.5478901,1055457
352,Sanjiazi,37.1893492,119.9569362,316258
353,Laingsburg,-33.2307354,20.5826261,615248
354,Raoyang,38.235892,115.725833,1107530
355,Paraíso,41.0121335,-8.304667,1364882
356,Wolongquan,28.074649,119.141473,1158001
357,Were Īlu,10.5914216,39.4372601,376150
358,San Juan del Surutú,-17.48333,-63.7,179113
359,Dadamtu,43.977331,81.318189,989888
360,Alto Barinas,8.59207,-70.225082,486016
361,Köln,50.9173381,7.0902515,1249340
362,Shuangshi,31.50199,115.75596,273715
363,Podivín,48.8255395,16.8482236,1444573
364,Ensanche Luperón,18.4176704,-70.0957159,381408
365,San Antonio,19.4805668,-99.2058279,929377
366,Pulau Pinang,5.3523231,100.3573891,1372765
367,Luyang,31.878735,117.26467,754885
368,Almargem do Bispo,38.8491962,-9.2710509,1152381
369,Danzao,24.737065,118.630289,830034
370,Oss,51.7610501,5.5510411,843567
371,Claremont,-33.9842244,18.4740875,369328
372,Lajarik,-9.9755,120.4083,609959
373,Dutsin Ma,12.4544798,7.4976536,1264650
374,Cherepovets,59.1201253,37.9014795,318490
375,Ōta,36.2569423,139.381182,427399
376,Krông Kmar,12.5075773,108.3356312,185077
377,Liulin,37.429832,110.88907,1307846
378,Guaraciaba do Norte,-4.1615016,-40.7511885,957449
379,Meneou,34.8582652,33.6007892,607643
380,Lyon,43.0429124,1.9038837,360220
381,Dieppe,46.0952765,-64.7486638,1275426
382,Široki Brijeg,43.3831419,17.592739,314527
383,Aku,6.7001345,7.3246534,953034
384,Tanggulangin,-7.5145399,112.7330892,1252064
385,Akankpa,5.1079431,8.1789301,652737
386,Itororó,-15.118465,-40.0660682,1411383
387,Luoluopu,41.554479,121.725015,271688
388,Hamburg,53.5754959,10.0807485,1260885
389,Otterburn Park,45.53338,-73.21585,853069
390,Bŭka,40.8106238,69.2341133,1339983
391,Candi Prambanan,-7.7520206,110.4914674,346315
392,Barão de Cocais,-19.9454604,-43.4876311,315519
393,Thāru Shāh,26.9215438,68.1195259,535194
394,Hrvatini,45.5746977,13.7677916,1347831
395,Espumoso,-28.7245183,-52.8444231,1014078
396,Ifakara,-8.139894,36.681728,318936
397,Salas,-6.2746751,-79.6080967,1250120
398,Trzebiatów,52.4368772,16.826031,375311
399,Huangchuan,32.131522,115.051908,1028953
400,Al Ghandūrah,36.67006,37.73278,962795
401,Şabāḩ as Sālim,29.2565637,48.062605,1489520
402,Pakxong,15.1766973,106.2345633,1389361
403,General La Madrid,-26.8327412,-65.2299908,1405526
404,Avellaneda,-37.9973752,-57.5825246,554814
405,Uromi,6.7139748,6.3279244,289767
406,Jammāl,35.62231,10.75696,468233
407,Tempel,-7.6646951,110.3189662,1091778
408,Bagé,-31.3317595,-54.1038619,1264323
409,Qiaodong,40.788434,114.894189,1359851
410,Marília,-22.2169379,-49.9456615,1003844
411,La Sabana,15.3680416,-87.9383822,973263
412,Nový Knín,49.7880079,14.293561,743711
413,Kyaukse,21.6098301,96.1341431,450934
414,La Mesa,8.1524286,-81.1802619,255945
415,Sakurai,33.3457623,130.785523,1170891
416,Esmeraldas,0.9681789,-79.6517202,1024983
417,Lewopao,-8.3782936,123.2658133,315360
418,Ḩukūmat-e Shīnkaī,31.98303,67.33558,504409
419,Arevik,40.7388893,43.9061272,1381462
420,Miasskoye,55.2763668,61.9012109,916734
421,Jagdaqi,50.425413,124.118816,472368
422,Maisons-Alfort,48.8039832,2.4347009,855054
423,Stockholm,59.3362401,18.0232365,229339
424,Hainan,19.5663947,109.949686,213097
425,Jiangyou,31.778022,104.745823,318000
426,Pueblo,38.2743989,-104.6086995,1224906
427,Lumbayan,12.8644915,121.4804504,490351
428,Bershet’,57.7297471,56.3724781,1134273
429,Luzhai,24.487326,109.733126,1280068
430,Bang Ban,14.4050979,100.464947,659288
431,Jingzhou,30.335237,112.239631,941859
432,Baraçais,39.2923338,-9.1684401,303457
433,Përmet,40.2361837,20.3517334,1492274
434,Laugar,65.723731,-17.354349,1017488
435,Chame,8.5860654,-79.8464804,985681
436,Néa Ankhíalos,39.2759274,22.818555,1102316
437,Dalai,48.9809916,117.3883737,657062
438,Baculongan,16.8,120.8333,213903
439,Budapest,47.545979,19.0375319,265608
440,Casa Branca,-21.7712926,-47.0856897,467279
441,Nofoali‘i,-13.8223647,-171.9596279,274377
442,Ivry-sur-Seine,48.819324,2.394771,881395
443,Futuroscope,46.6698573,0.3697581,784339
444,Rio Meão,40.9557367,-8.5885858,711157
445,Rubio,7.6988579,-72.3607108,1350357
446,Purwokerto,-7.4242782,109.2396366,305997
447,Am Djarass,16.06589,22.84308,1444253
448,Anhua,28.374107,111.212846,394924
449,San Antonio de los Baños,22.8929945,-82.5050529,813365
450,Ryazanskaya,44.956561,39.5853276,1275834
451,Ciracap,-7.3236038,106.4641459,1453812
452,Dalongzhan,29.201587,111.755127,152582
453,La Coipa,-5.2755737,-79.1048501,166977
454,Caotang,23.2997268,113.323144,486014
455,Ibarra,0.3391763,-78.1222336,234824
456,Cẩm Phả Mines,21.0453008,107.2776992,1450545
457,Dřevohostice,49.4259425,17.5920528,355411
458,Tushi,25.521039,112.309325,510106
459,San Isidro,9.939624,126.065213,1198499
460,Nevesinje,43.2574658,18.1123652,359694
461,Bandundu,-4.163679,18.8076195,545391
462,Manolás,36.4343708,25.3447274,527576
463,Weekaka,-9.5666396,119.2206059,850999
464,Nariño,4.398278,-74.828718,575649
465,Diancun,26.520511,103.653382,499760
466,Pingshui,31.017497,121.309354,715342
467,Nakhon Phanom,17.3798237,104.6821048,820977
468,Lom Sak,16.7733926,101.2451095,1222627
469,Międzyzdroje,53.9283144,14.4504845,229607
470,Kuala Lumpur,3.1409415,101.700398,1393719
471,Nariño,4.398278,-74.828718,551182
472,Itauguá,-25.4106487,-57.3609511,1359040
473,Fangshan,39.749144,116.143267,1339989
474,Odiong,11.536819,122.489398,1358862
475,Červené Pečky,49.9792606,15.2092621,1221898
476,Parapat,2.6644279,98.9397139,214385
477,Kīsh,26.5324775,53.9867949,993998
478,Cipari,-7.4066528,108.7719766,237291
479,Tarumizu,32.8924632,130.6828947,562211
480,Wakimachi,34.0693432,134.1459167,934666
481,Melipilla,-33.6861588,-71.2166838,322859
482,Medvedok,57.3960898,50.0164274,230023
483,Duncans,18.4691383,-77.5404459,1273551
484,Kariaí,40.233333,22.3,898791
485,Chinchero,-13.3964033,-72.0514291,1200707
486,Nizhnyaya Tura,58.6247472,59.8241142,1384577
487,Abbeville,49.9772098,1.6928443,1071484
488,Luknovo,55.7422912,37.5051617,1273223
489,San José de Cusmapa,13.2892111,-86.6548114,610744
490,Vila Boa do Bispo,41.1298235,-8.2201345,870170
491,Cruces de Anorí,7.18334,-75.06668,371257
492,Fradelos,41.5047902,-8.4776032,1359752
493,Porta,41.9502131,-8.5304169,1081946
494,Boavista,41.1667893,-8.6815733,1228559
495,Costeira do Pirajubae,-27.6349915,-48.5219457,242432
496,Elat,-5.657692,132.991547,311916
497,Osek nad Bečvou,49.5111458,17.5282441,485578
498,Cabucgayan,11.4739808,124.569794,551539
499,Brumadinho,-20.1514708,-44.2010909,1212348
500,Mokil,6.6650328,159.7540106,1017020
501,Rocky Mountain House,52.3793432,-114.9182883,274673
502,Baturinggit Kaja,-8.2464,115.5631,567899
503,Brzeg Dolny,51.2701042,16.7076821,1493330
504,Araguari,-18.6517964,-48.1904503,1049161
505,Priboj,43.5827565,19.5266606,324656
506,Nilópolis,-22.8590499,-43.4056016,1446591
507,Heung-hai,36.1125,129.35222,1113905
508,Kashima-shi,35.9924294,140.6177909,325226
509,Bressuire,46.8118134,-0.5451553,252495
510,Salcedo,14.5560877,121.0155081,723667
511,Lobamba,-26.400429,31.1824925,1025424
512,Shipaidong,21.850061,111.197459,167477
513,Joliette,46.0285851,-73.4499872,1055943
514,Végueta,-11.0216067,-77.6407258,1155565
515,Napu,-9.3588996,119.9162276,1237442
516,Maceió,-9.6498487,-35.7089492,1057559
517,Wuma,28.01082,120.663064,1201400
518,Maiwal,-6.28433,107.130861,168736
519,Vostryakovo,55.6613674,37.4429397,1293944
520,Sembungan Kidul,-7.0054807,112.5118443,962587
521,Famatina,-34.6473284,-58.4184031,1032907
522,Velingrad,42.0275439,23.9915523,1073059
523,Oslo,59.9451756,10.6392492,475640
524,Cauday,-7.5739492,-78.0699576,371297
525,Krajandadapmulyo,-7.5511508,111.6547689,1055726
526,Cabouco,37.7621762,-25.5651478,637526
527,Piraí do Sul,-24.4748345,-49.8956943,197198
528,Pangkalan,-2.688962,111.622398,637172
529,El Arenal,20.775698,-103.6951543,600141
530,Tiko,4.0786306,9.358984,711491
531,Dandian,30.762716,115.190725,446948
532,La Tebaida,4.4339677,-75.8185314,1488774
533,Novyye Kuz’minki,55.7,37.75,1219539
534,Santa Maria do Souto,41.5146956,-8.2971003,301032
535,Mora,61.0180334,14.6053692,1046267
536,Caicó,-6.4696439,-37.0829593,763181
537,Fenghuo,34.554624,108.631718,1010651
538,Wādī as Sīr,31.9566347,35.8472427,874613
539,Jabinyānah,35.035,10.90809,905441
540,Pimbalayan,6.7987866,124.6192703,588477
541,Sedatigede,-7.3756404,112.758414,1073739
542,Ejidal,20.6323938,-87.0911879,594938
543,Somba,-9.6993439,119.9740534,488015
544,Obonoma,4.6845489,6.7815237,551426
545,Alurbulu,-7.5202294,108.8432655,609418
546,Johor Bahru,1.5604242,103.6384827,1367151
547,Barcelona,14.4958564,121.0188552,743514
548,Gongli,31.118803,121.438903,490318
549,Macaíba,-5.8949347,-35.4343604,879153
550,Caotang,23.2997268,113.323144,423101
551,Ad Dilam,23.976619,47.1557087,239530
552,Zborovice,49.2549921,17.2899103,327784
553,Jahāniān Shāh,24.9104797,69.3504869,499257
554,Yushugou,43.897258,89.939332,418394
555,Oslo,59.9050895,10.7673005,560232
556,Messejana,37.832557,-8.2423289,675815
557,La Talaudière,45.4556955,4.4135431,1257191
558,Puerto Asís,0.5471811,-76.1319953,1248857
559,Santa Rita do Sapucaí,-22.2528986,-45.7049987,548566
560,Ciemas,-7.196982,106.5112712,246396
561,Sztum,53.9208518,19.0295929,1423881
562,Shizukuishi,39.7007906,140.9596925,1225069
563,Itabaiana,-10.6872332,-37.4329352,1235860
564,Zaysan,47.4701444,84.8752996,917318
565,Vera Cruz,-22.2220229,-49.8197149,180059
566,Ajasse Ipo,8.2458715,4.8118909,970536
567,Vologda,59.1983958,39.8321001,627478
568,Bergem,49.5206119,6.0453754,749336
569,Sutton,53.3895926,-6.1097188,1035637
570,Triteh,-6.2461822,106.8323419,362075
571,Sinhyeon,35.474465,128.2579205,1142187
572,Mercaderes,1.795801,-77.163397,198917
573,Ylitornio,66.322631,23.67353,566694
574,Paderne,37.1764814,-8.201073,1407585
575,Bueng Sam Phan,15.767975,101.010223,773671
576,Isla Verde,-31.4787554,-64.2316792,297974
577,Daejeon,36.3504119,127.3845475,343356
578,Pilpichaca,-13.3261109,-74.9975,910554
579,Iroquois Falls,48.76688,-80.68307,957738
580,Trá Mhór,53.2736466,-9.0197835,657952
581,Oebai,-9.9831,124.1849,825120
582,Fershampenuaz,53.5199891,59.8158991,1069031
583,Xiema,24.479833,118.089425,1027897
584,Şabyā,17.1547981,42.6268969,446668
585,Yuetang,27.872028,112.969479,223023
586,Malo,-7.116667,111.716667,1215504
587,Pukou,32.059093,118.627894,1022937
588,Kowalewo Pomorskie,53.15467,18.89802,273705
589,São Gabriel da Cachoeira,0.5582388,-68.1431414,414244
590,Fengyang,32.874735,117.531622,298204
591,Ciulu,-7.511308,108.6517064,896934
592,Novaya Tavolzhanka,50.3530658,36.8272273,1181605
593,Krajan,-7.5450262,111.6556388,702472
594,Khodzha-Maston,38.74457,68.62702,524018
595,Zapala,-34.6091049,-58.7005845,1197036
596,Uddevalla,57.7184535,12.0083611,412641
597,Sibay,52.7189291,58.677007,718658
598,Lingcheng,37.335794,116.576092,1335933
599,Adelaide,-34.9284989,138.6007456,1286721
600,Phoenix,33.45,-112.08,1391489
601,Anjani Barat,-8.3535966,116.0594701,1373058
602,Yajiang,30.031533,101.014425,793922
603,Paritjunus,2.06823,100.59082,557425
604,Koynare,43.3615249,24.1502631,238292
605,Lucan,52.6396679,-9.4904891,996607
606,Tucdao,11.6786404,124.4087296,994035
607,Thị Trấn Kim Tân,20.1276773,105.6691136,1125930
608,Sumberagung,-8.557437,114.0369075,330969
609,Gostovići,43.7356628,17.8317085,1340457
610,Kotablolong,-8.2994,123.2655,207765
611,Ivoti,-29.5795648,-51.1689963,477869
612,Aquin,18.2807252,-73.3959201,318201
613,Choibalsan,48.0951271,114.5356247,936810
614,Prachuap Khiri Khan,12.3958358,99.8571416,805227
615,Krzyżanowice,49.9742851,18.2638644,372763
616,Krajan Jabungcandi,-7.7218793,113.4785837,1157700
617,Roissy Charles-de-Gaulle,48.989038,2.513543,744529
618,Baizhang,31.918232,119.976948,905331
619,Dolsk,51.9817834,17.0627666,1255063
620,Simod,16.0120719,120.3093044,1064305
621,Mojorejo,-7.9017349,112.5632485,1190733
622,Changsu,34.65,127.016667,918772
623,Zhendong,34.137139,120.227624,319110
624,Kōfu-shi,35.649152,138.5884549,914978
625,Essen,51.4188047,6.9643749,860772
626,Avignon,43.8317876,4.3686291,1161119
627,Liběšice,50.3448824,15.3606459,429851
628,Xiushi,27.999411,115.932899,462683
629,Koktokay,47.211019,89.803615,1320044
630,Hưng Nguyên,18.6316742,105.629523,316425
631,Kawalimukti,-7.1841565,108.3652973,1085894
632,Loukhi,66.0733463,33.0544476,1442733
633,Dobra,53.5659675,15.28454,479958
634,Magdalena,14.453071,121.030984,374676
635,Nanmo,49.1919498,-123.9681079,1064563
636,Al ‘Awjah,34.5235452,43.7190392,1142172
637,Vista Hermosa,23.7322067,-99.1829833,703399
638,Sanjiangkou,32.540157,111.513127,695370
639,Cisantri,-7.068288,106.8953043,245940
640,Muli,2.9205384,73.5807606,630996
641,Prince Rupert,54.311687,-130.3293111,792503
642,Monte Alegre,-6.0912649,-35.4124355,1358847
643,Guling,29.204461,116.512037,461058
644,Sampungu,-8.3069745,118.5097517,356015
645,Karangampel,-6.4713068,108.4572788,1052105
646,Yujiawu,38.995854,117.688815,745220
647,Paldit,16.16667,120.53333,494852
648,Alto do Estanqueiro,38.6805556,-8.923648,667907
649,Ishiki,37.9337124,139.3844092,454420
650,Xiangyang,32.009016,112.122426,488139
651,Badean,-7.9199459,113.8138552,170257
652,Concepción,-11.9187621,-75.3149796,1381400
653,Barvinkove,48.9014667,37.0181437,357118
654,Salamrejo,-8.0685658,111.6809778,889195
655,Alburitel,39.6445351,-8.5226286,603598
656,Oslo,59.9451756,10.6392492,614857
657,Kuusjoki,60.5201867,23.2169967,1256783
658,Hongyang,27.9676537,120.6344509,1494019
659,Xique Xique,-15.8146532,-47.9029793,831959
660,Shanghu,31.2303904,121.4737021,1172188
661,San Carlos,-17.4047609,-63.7311505,1364949
662,Kabarnet,0.490107,35.743418,993550
663,Babat,-7.1033128,112.2026347,1497747
664,Krajan,-7.5450262,111.6556388,840066
665,Hadapu Zhen,34.226971,104.228437,590626
666,Siedlce,49.687421,20.7765351,1027828
667,Shengping,22.6695494,113.2476081,573879
668,Verkhnya Rozhanka,48.7799795,23.51569,1152314
669,Khao Khitchakut,12.8359913,102.1687531,1291762
670,Agrela,41.6698545,-8.4450745,1080415
671,Ramón Castilla,-16.3607933,-71.5438952,698742
672,Jitian,24.56853,112.089781,1155708
673,Perdões,-21.0794915,-45.0933497,471892
674,Chepes,-38.9770913,-68.0772116,290741
675,Semang,-7.0051453,110.4381254,547324
676,Dianqian,24.5306908,118.109506,678242
677,Dzorastan,39.2687372,46.3568418,270292
678,Baiyun,23.157289,113.273288,593375
679,Embarcación,-41.1254857,-71.2485941,942302
680,Muyi,34.386714,107.445334,162681
681,Buenos Aires,19.4052965,-99.1504583,405971
682,Isahaya,32.851086,129.9478595,449760
683,Huangascar,-12.899232,-75.8312432,299165
684,Białobrzegi,50.1063169,22.3570583,1427822
685,Kalamangog,6.72556,124.06889,1206122
686,Huancheng,30.940195,118.75868,210219
687,Cililitan,-6.2632684,106.8635643,1103499
688,Lâm Thao,21.3026143,105.3014109,1368353
689,Charxin,39.6725789,66.7724653,1316679
690,Esigodini,-20.2906811,28.9383082,490560
691,Ankola,-7.3071,107.1272,1024619
692,Stanisław Górny,49.8922979,19.621588,1020150
693,Cambará,-23.047822,-50.068456,1201057
694,La Playosa,-32.0974801,-63.0334803,326835
695,São João da Boa Vista,-21.9751571,-46.7997801,1152101
696,Otjimbingwe,-22.3531369,16.1286901,1062163
697,Munsan,37.8530229,126.7842319,362986
698,Livadiya,44.4751299,34.1479155,848306
699,Taquari,-29.7569364,-51.8311441,1213029
700,Jinhe,26.695419,101.841707,1068302
701,Dajasongai,-7.04486,113.73422,1081168
702,Greenville,5.0153677,-9.0377612,254674
703,Huanglong,32.748741,103.82319,1030203
704,Alkmaar,52.6201537,4.7406288,343106
705,Kaznějov,49.8931387,13.3829583,1067394
706,Jetis,-7.783297,110.363649,1166538
707,Alor Setar,6.1191928,100.3707441,1278720
708,Makin Village,3.1166667,172.8,850730
709,Halteu,-6.914339,107.5788509,499499
710,Ambatondrazaka,-17.8336363,48.4088007,843209
711,Uvira,-3.3728836,29.1448793,1075176
712,Tuwa,-1.325763,119.9856157,518894
713,Xinhui,22.4583,113.034187,1455323
714,Terek,43.4795902,44.1393572,1170653
715,Postojna,45.7830298,14.2038417,214698
716,Xiazhai,24.34712,117.174685,880230
717,Repelón,10.5646285,-75.1232201,931680
718,Hengxianhe,33.339839,106.08092,437516
719,Heshang,25.941708,119.560304,1223293
720,Gangkoujie,29.724842,115.788192,781778
721,Tangtou,30.070933,118.181531,550133
722,Cerro Corá,-31.43337,-64.2142976,1339647
723,‘Ajlūn,32.3325599,35.751742,1307168
724,San Antonio,29.42,-98.49,860598
725,Cimuncang,-6.1130137,106.1610343,365350
726,Chicago,41.9720786,-87.7517295,1048387
727,Soko,-7.0961965,111.9403254,531962
728,Sison,14.609579,120.993122,657909
729,Shuakhevi,41.631471,42.1907465,1267050
730,Ma‘bar,14.7953378,44.2905281,922584
731,Dīla,6.4126332,38.3007613,665363
732,Onitsha,6.1413122,6.8029489,1118064
733,Padas,-2.576499,112.542,701400
734,San Antonio Aguas Calientes,14.5495607,-90.7858316,785714
735,Karantaba,13.5699981,-14.5611573,849447
736,Ash Shaḩānīyah,25.4106386,51.1846025,1382212
737,Kamyanyets,52.3979454,23.8257811,1123608
738,La Unión,1.6562817,-77.1788048,818037
739,Mezhevoy,55.1662846,58.7926322,211485
740,Raoyang,38.235892,115.725833,853427
741,Cabeço de Vide,39.133989,-7.5865443,1084083
742,Tambura,5.6052635,27.4673845,499404
743,Batan,14.5939732,121.0228043,1411183
744,Lisewo,53.2954476,18.6875465,1029096
745,Sagrada Familia,14.5706006,121.0052221,877853
746,Imishli,39.8694686,48.0665218,1302229
747,Poddębice,51.8803457,18.9033376,208884
748,Tambov,52.7060809,41.3951119,239360
749,Torsås,56.412767,16.0115323,574415
750,Weda,0.3407154,127.8300034,1178356
751,Almeirim,0.2415538,-53.7369154,395156
752,Xijiadian,32.748143,111.183426,859897
753,Karawatu,-4.0180556,133.4608333,979227
754,Zarya,56.7477877,37.1492786,1068319
755,Thap Than,15.491919,99.8348146,1213679
756,Randudongkal,-7.0898684,109.3247866,1309603
757,Novi Itebej,45.5178224,20.6883184,879677
758,Pokachi,61.7267327,75.333769,973660
759,Sandakan,5.83864,118.116958,1296118
760,Umi,33.5610062,130.5635665,646690
761,Ust-Maya,60.383333,134.45,1022367
762,Beaverlodge,55.21664,-119.43605,818540
763,Labuan,7.1133648,125.6286673,1007893
764,Osiedle-Nowiny,50.6992259,21.896691,216336
765,Chust Shahri,41.005341,71.236153,1175945
766,Huangbu,23.124134,115.138892,1363177
767,Luuka Town,0.7250599,33.3037143,1450798
768,Pidvolochys’k,49.5290848,26.1416979,1474537
769,Gustavia,17.8964345,-62.852201,288085
770,Volodymyrets’,51.4238758,26.1385322,465303
771,Hebian,26.87365,115.102495,183497
772,Charlotte,35.2299999,-80.84,421756
773,Dalazi,25.704535,113.956275,404361
774,Koton Karifi,8.1,6.8,298696
775,Narsingdi,24.134378,90.7860057,1219029
776,Ḩalāwah,32.3858505,35.6629038,1328102
777,Noisy-le-Grand,48.8478808,2.5525914,1219501
778,Tabia,32.0302286,-6.7969224,534546
779,Faya-Largeau,17.9236623,19.1107114,1170164
780,Nkpor,6.1462401,6.8297403,876597
781,Naqadeh,36.956333,45.3878348,949619
782,Bojongnangka,-6.9070543,109.3575011,1205643
783,Kyzylzhar,54.8625893,69.2398607,529382
784,Kuliyapitiya,7.4700828,80.0472702,634876
785,Skhodnitsa,49.2251043,23.3483512,868843
786,Zhongguan,30.651078,120.183168,743836
787,Mangai,-4.061738,19.5865629,359848
788,Huangban,28.246367,109.169053,1127839
789,Promyshlennovskiy,55.5099217,86.1521385,1462089
790,Capelinha,-17.6929945,-42.5172107,647662
791,Épinal,48.2576572,6.4140214,1127251
792,Granica,50.6696898,18.2791747,766792
793,Citambal,-7.43712,108.36198,276081
794,Ribeiro,42.0291575,-8.3299947,310097
795,Shangdian,33.759248,109.875933,446229
796,Hangu,33.5810958,71.4303404,1479006
797,Clifden,53.488087,-10.022186,905120
798,Jingzhou,30.335237,112.239631,1018549
799,'s-Hertogenbosch,51.6861013,5.2933198,816335
800,Ciherang,-6.5864219,106.7441048,236339
801,Meia Via,39.4721645,-8.5034561,427099
802,Lunao,14.5639944,121.0326387,1410666
803,Itapeva,-23.9793102,-48.8768997,1032199
804,Ulimonong,-8.2399,124.4052,627887
805,Kitui,-1.3750813,37.9952144,698602
806,Rudka,52.7301035,22.6886729,1122957
807,Lappeenranta,60.9794357,28.0853523,1076738
808,Ostuncalco,14.868392,-91.619388,1288204
809,Srednebelaya,50.65854,128.00932,152890
810,Santo Tomás,12.0687,-85.0908671,995233
811,Lac La Biche,54.7669,-111.96861,540509
812,Artur Nogueira,-22.573223,-47.1731269,1015180
813,Pataha,-6.2366306,106.7997862,310603
814,T’ianet’i,42.1119268,44.9672863,316648
815,Nunhala,-9.6218,124.4923,794304
816,Stockholm,59.334679,18.0899315,242754
817,Sinhyeon,35.474465,128.2579205,405263
818,Franceville,-1.6196441,13.6015463,473602
819,Fenggao,29.421736,105.682385,1352091
820,Puerto Natales,-51.7308935,-72.4977407,436043
821,Xingdian,32.032275,118.449305,295448
822,Waterloo,8.3266095,-13.0645021,1478962
823,Virovitica,45.8316463,17.3855429,1487116
824,Baykalovo,57.3921266,63.7602594,1050274
825,Waihi Beach,-37.3965056,175.9364317,849750
826,Pawak,8.0566664,124.2338867,471930
827,Mongo,12.1862546,18.6917922,553600
828,Cakran,40.590023,19.6440066,1035125
829,Bitica,1.4243635,9.6216084,509132
830,Huafeng,27.789796,120.67484,1259525
831,Baoji,34.363184,107.237743,720010
832,Jieyang,23.549701,116.372708,1479063
833,Sidu,30.619516,110.400306,379188
834,Ķegums,56.7402899,24.7181651,731435
835,Corcuera,12.8074809,122.0553349,256017
836,Souto,41.5608072,-8.5863716,1084053
837,Jiangxiangzhen,28.75778,116.024389,336365
838,Itupiranga,-5.0377529,-49.8547266,1274991
839,Denver,39.74,-104.98,767937
840,Miaoyu,38.172697,114.572919,834394
841,Greenville,5.0153677,-9.0377612,581958
842,Lidian,32.272766,119.579153,1344640
843,Hufang,27.330904,117.044081,269979
844,Lykóvrysi,38.067613,23.7804059,993936
845,Piña,14.578621,121.0702405,498361
846,Sernovodsk,53.9256842,51.2577545,488140
847,Dayr as Sūdān,32.03213,35.14844,1368584
848,Temirgoyevskaya,45.1099574,40.2950699,1053746
849,Bojano,54.4350153,18.3395929,825865
850,Mulanje,-16.0252339,35.5083136,1258717
851,Da Nang,16.0544068,108.2021667,338600
852,Jiusi,26.096382,107.454787,1165626
853,Shapa,28.098056,101.579377,588345
854,Ban Mo,14.6199611,100.7323332,380943
855,San Fernando,7.9187344,125.3297787,474796
856,Llipa,-12.0463731,-77.042754,992657
857,Metz,49.1441362,6.1519975,1053611
858,Al Bāţinah,15.48333,48.43333,984648
859,Puksoozero,62.587277,40.61071,677452
860,Caohe,35.383289,112.662069,293139
861,Sara Kunda,13.533238,-15.412011,755593
862,Katrineholm,58.9867399,16.1955511,535984
863,Celeirós,41.2426773,-7.5586322,1480656
864,Widuchowa,53.1395216,14.4504726,308557
865,Houba,27.420628,107.159835,1020608
866,Dudchany,47.1860699,33.7785346,511201
867,Colotenango,15.4053048,-91.7142051,640803
868,Basel,47.532117,7.593124,473413
869,Kitakami,37.8098511,139.1200637,907157
870,Béreldange,49.689224,6.0628765,616194
871,Poconé,-16.2664706,-56.6265989,1476496
872,Makurazaki,31.2840967,130.3267278,226157
873,Francisco I Madero,25.8263535,-97.5294628,824739
874,Boa Esperança,-24.2670414,-52.7241914,449818
875,Hanshou,28.906106,111.970514,157762
876,Bol,13.470554,14.707735,849787
877,Delft,52.0095284,4.3342058,1156757
878,Votkinsk,57.0384344,54.0037032,1252077
879,Janas,38.8247852,-9.4383868,1150875
880,Amsterdam Nieuw West,52.3576375,4.7901227,283461
881,Osiek,53.1595566,19.3969614,218792
882,Shigou,22.483182,113.916509,726826
883,Sharïngol,49.2575136,106.4385875,437484
884,Ourozinho,40.951501,-7.3462545,1427647
885,Turangi,-38.9898711,175.8087485,1051565
886,Xingfu,37.031485,118.254644,1127428
887,Chuhuyiv,49.8363158,36.6813123,560104
888,Lukavice,49.8229025,16.9204034,713780
889,Kudymkar,59.0069977,54.6643867,173538
890,Wielgie,52.7489266,19.2533342,259298
891,Tëplaya Gora,58.5336853,59.0754123,1096060
892,Longsha,47.317308,123.9575311,392395
893,Adraskan,33.6716082,61.9813913,1214331
894,Xiongji,23.125827,113.2756,803239
895,Lingyuan,41.245445,119.4015739,350131
896,Yeghegnut,39.8726158,45.3575191,203491
897,Candelaria,4.5943745,-74.0740729,985400
898,Montor Timur,-6.4041582,105.8730678,547498
899,Qorao’zak,43.0174717,60.011507,1478052
900,Guaíba,-30.1090924,-51.3238273,501267
901,Barajalan,-7.1332,113.53472,1313510
902,Mayenne,47.854132,-0.607106,154917
903,Betulia,7.0706548,-73.4415929,155775
904,Tieremu,39.119934,77.002783,292745
905,Sapol,13.365,121.1893,594734
906,Volodymyr-Volyns’kyy,50.85253,24.32364,1287904
907,Luwingu,-10.2474296,29.9104436,555765
908,Shixiang,30.3312397,120.1534039,1119289
909,Papringan,-7.4819949,110.6496693,967269
910,Huazhou,21.664044,110.639569,287223
911,Chosica,-11.9314714,-76.7024635,1406829
912,Maracaçumé,-2.0133843,-45.9991326,815544
913,Upton,53.3723602,-0.7009333,1442233
914,Tafo,6.7360651,-1.6080974,612636
915,Birinci Aşıqlı,39.8213543,47.675856,1193460
916,San Antonio,29.5613789,-98.5612534,1183563
917,Zubin Potok,42.9148171,20.6897443,309168
918,Adela,14.5994449,120.9990792,219590
919,Palumbungan,-7.2652612,109.3575011,498930
920,Conima,-15.4601506,-69.4355341,1421362
921,Tougan,13.0695031,-3.0626284,421953
922,Viga,13.869601,124.3090475,727071
923,Aktau,43.6410973,51.1985113,1062784
924,Nantes,47.2550409,-1.5401497,401941
925,Kuangshan,27.780089,111.502705,1495029
926,Ararat,39.8551211,44.6942731,288686
927,Al Jīzah,31.700896,35.9510312,1019930
928,Castelões,41.4122069,-8.4333383,1301038
929,Paderne,37.1764814,-8.201073,821571
930,Taiping,53.3004898,-6.2634596,606906
931,Brest,48.3909721,-4.4854059,262281
932,Cetinje,42.3930959,18.9115964,425810
933,Yesan,36.6826123,126.8483951,973340
934,Kedian,31.360037,112.874938,1309007
935,Rulenge,-2.7158764,30.6286186,845992
936,Hartola,61.5792581,26.0188652,258418
937,Pinheiral,-22.5383309,-44.0103922,1121643
938,Genet,34.0567271,-118.364791,442769
939,Cibaregbeg,-6.9110023,107.1750393,1436855
940,Los Andes,1.5156,-77.49498,1165418
941,Tras Cerros,15.3047612,-88.6639228,889196
942,Dazhongzhuang,32.425185,114.387043,195156
943,Hashaat,47.35,103.4166669,778094
944,Fengsheng,22.8311155,113.2516686,680294
945,Kota Kinabalu,5.9840985,116.0761121,617353
946,Piskivka,50.6960614,29.5987334,328176
947,Hongch’ŏn,37.6969518,127.8886827,301283
948,Jingning Chengguanzhen,35.520197,105.728077,1320626
949,Malakand,34.7461463,71.8472364,818872
950,Derhachi,50.1097212,36.1155026,451696
951,Rulong,30.941593,100.311804,1413509
952,Saint-Raymond,46.8922184,-71.8291245,1372707
953,Žrnovnica,43.5211998,16.5578656,719292
954,Orlovka,43.9923818,43.7706401,1487020
955,Donostia-San Sebastian,43.3057431,-1.9802013,1097622
956,Shidong,25.849502,107.280659,1112853
957,Tucupita,9.0691769,-62.0458106,365599
958,Kertasari,-7.2760371,107.6925674,918091
959,Montalvo,-1.7879521,-79.2873953,446637
960,Petrokamenskoye,57.716,60.6484,838078
961,Raposos,-19.9640617,-43.8083531,361216
962,Barbacoas,9.4811641,-66.9719947,514536
963,Aranas Sur,13.6256926,123.1848939,1424967
964,Kariya,37.841046,140.5203882,258073
965,Serednye Vodyane,47.9848822,23.9117575,205768
966,Estelí,13.0851139,-86.3630197,526993
967,Tuchów,49.89477,21.05416,1124933
968,Gaimán,-43.2659531,-65.3552631,1392863
969,Maripipi,11.7629173,124.3277267,872356
970,Daban,21.72342,108.452555,886216
971,Taishang,22.251924,112.794065,494539
972,Boguchwała,49.997292,21.9314509,428611
973,Cabagan,17.424274,121.779585,498816
974,Dingbu,31.284181,119.160586,1389208
975,Yihe,23.1497287,113.3227193,1274916
976,Santa Maria,14.5806413,121.0036417,1223386
977,Singkir,-7.7257788,108.1636206,1422487
978,Labansari,-6.2822524,107.2518631,647437
979,Rungkang,-6.9143251,108.8105899,280009
980,Ayaviri,-14.8842942,-70.5889612,351516
981,Xuezhen,34.954857,109.299475,297478
982,Sikasso,11.3223834,-5.6983979,1478196
983,La Hacienda,9.8827617,124.3882585,200880
984,Nong Saeng,17.1413481,102.7824777,857963
985,Kolobolon,-10.7903678,123.1407761,330591
986,Kirovs’k,48.6354729,38.6373937,983878
987,Extrema,-22.8521905,-46.3160679,301601
988,Mandi Bahāuddīn,32.5992796,73.4803095,1008442
989,Velyka Bilozerka,47.2186081,34.6661709,1459456
990,Esigodini,-20.2906811,28.9383082,594112
991,Acaraú,-2.8880609,-40.1186635,206861
992,Korczyna,49.7549498,21.8253619,962820
993,Kajok,8.303998,27.993441,270326
994,Laiya,6.0343516,124.5217429,586203
995,Oeiras,-7.0386232,-42.1572702,1380165
996,Stará Huť,49.5642187,13.5559769,904382
997,Sidareja,-7.4846821,108.7833982,995830
998,Perm,57.9887927,56.1415665,956800
999,Järfälla,59.4018083,17.8046531,765883
1000,Kasungu,-13.0356794,33.4719832,293636
